A2VDN5	A2VDN5	100.00	614	0	0	1	614	1	614	0	245.8
A2VDN5	Q9UBP0	94.46	614	34	2	1	614	1	616	0	233.0
A2VDN5	Q9QYY8	91.50	612	52	4	1	614	1	614	0	222.2
A2VDN5	B2RYN7	92.75	579	42	37	1	614	1	581	0	209.6
A2VDN5	Q3LUD4	23.18	578	444	128	1	614	1	670	0.55	23.8
A2VDN5	Q9EQE1	22.64	552	427	98	1	614	1	588	1.6	22.7
A2VDN5	Q91YU6	25.39	571	426	143	1	614	1	671	2	22.8
A2VDN5	Q9UK80	22.85	534	412	111	1	614	1	565	3.8	21.9
A2VDN5	Q9QZL6	22.85	534	412	112	1	614	1	566	4.3	21.8
A2VDN5	Q91ZX6	22.59	549	425	104	1	614	1	588	4.5	21.8
A2VDN5	Q8NAG6	20.60	563	447	103	1	614	1	615	5	21.8
A2VDN5	Q9ULX6	21.60	574	450	112	1	614	1	646	5.5	21.7
A2VDN5	Q01663	23.43	525	402	116	1	614	1	552	6.1	21.4
A2VDN5	Q9HC62	22.49	547	424	109	1	614	1	589	7.8	21.2
B2GUZ1	B2GUZ1	100.00	961	0	0	1	961	1	961	0	363.1
B2GUZ1	P35123	95.84	961	40	1	1	961	1	962	0	349.7
B2GUZ1	Q13107	90.01	961	96	2	1	961	1	963	0	330.5
B2GUZ1	Q9NRA8	24.86	873	656	200	1	961	1	985	0.4	24.7
B2GUZ1	Q9EST3	21.52	892	700	160	1	961	1	983	1	24.0
B2GUZ1	Q13574	20.23	855	682	179	1	961	1	928	2.1	23.2
B2GUZ1	Q80UP3	20.33	861	686	168	1	961	1	929	3.2	22.8
B2GUZ1	Q2TBA3	21.07	802	633	189	1	961	1	832	5.6	22.0
B2GUZ1	P78953	18.59	877	714	127	1	961	1	920	5.8	22.1
B2GUZ1	O08560	20.12	855	683	180	1	961	1	929	6	22.0
B2RYN7	B2RYN7	100.00	581	0	0	1	581	1	581	0	264.7
B2RYN7	Q9QYY8	97.59	581	14	33	1	581	1	614	0	252.8
B2RYN7	Q9UBP0	94.32	581	33	35	1	581	1	616	0	243.5
B2RYN7	A2VDN5	92.75	579	42	37	1	581	1	614	0	238.7
B2RYN7	Q9EQE1	23.85	524	399	121	1	581	1	588	0.27	24.0
B2RYN7	Q9QZL6	20.72	526	417	95	1	581	1	566	1.2	22.9
B2RYN7	Q91ZX6	22.68	529	409	111	1	581	1	588	1.3	22.9
B2RYN7	Q8NAG6	23.03	534	411	128	1	581	1	615	1.6	22.8
B2RYN7	Q9UK80	20.34	526	419	94	1	581	1	565	2.3	22.4
B2RYN7	Q8N884	24.13	489	371	125	1	581	1	522	3.1	22.0
B2RYN7	Q9ULX6	23.13	549	422	129	1	581	1	646	5.4	21.7
B2RYN7	I3LM39	24.84	475	357	126	1	581	1	495	5.8	21.3
B2RYN7	Q01663	19.42	520	419	93	1	581	1	552	7.3	21.2
G5E8Z2	G5E8Z2	100.00	850	0	0	1	850	1	850	0	294.7
I3LM39	I3LM39	100.00	495	0	0	1	495	1	495	0	258.6
I3LM39	Q8N884	67.89	492	158	33	1	495	1	522	0	171.3
I3LM39	Q8C6L5	62.76	478	178	46	1	495	1	507	0	151.3
I3LM39	Q7M753	23.31	429	329	93	1	495	1	456	1.1e-07	29.5
I3LM39	Q9HC62	28.48	453	324	178	1	495	1	589	3.3e-07	29.6
I3LM39	Q9EQE1	29.18	449	318	185	1	495	1	588	6.3e-07	29.4
I3LM39	Q91ZX6	30.07	449	314	185	1	495	1	588	6.3e-07	29.4
I3LM39	Q9QZL6	23.57	471	360	119	1	495	1	566	1.1e-05	28.3
I3LM39	Q9UK80	22.62	473	366	114	1	495	1	565	8.4e-05	27.6
I3LM39	Q9BZS1	22.51	422	327	82	1	495	1	431	0.0002	26.9
I3LM39	Q01663	26.27	453	334	141	1	495	1	552	0.00024	27.2
I3LM39	Q8N7N5	21.97	478	373	130	1	495	1	591	0.0004	27.0
I3LM39	Q99JB6	23.77	408	311	108	1	495	1	429	0.0011	26.2
I3LM39	Q5U2M6	22.22	477	371	132	1	495	1	591	0.0027	26.2
I3LM39	Q9BWV3	23.27	447	343	115	1	495	1	514	0.0032	26.0
I3LM39	Q5TAQ9	21.49	484	380	124	1	495	1	597	0.0043	26.0
I3LM39	B2RYN7	24.42	475	359	126	1	495	1	581	0.0058	25.9
I3LM39	Q9BZ23	23.69	477	364	111	1	495	1	570	0.012	25.5
I3LM39	Q9R210	21.32	441	347	88	1	495	1	475	0.018	25.0
I3LM39	P24813	22.48	387	300	130	1	495	1	409	0.034	24.5
I3LM39	P19484	21.68	429	336	113	1	495	1	476	0.057	24.4
I3LM39	Q9QYY8	25.05	483	362	143	1	495	1	614	0.19	24.1
I3LM39	P56477	20.77	443	351	106	1	495	1	497	0.19	23.8
I3LM39	Q9BVS4	17.70	486	400	75	1	495	1	552	0.26	23.8
I3LM39	Q99L48	20.00	450	360	98	1	495	1	503	0.36	23.4
I3LM39	Q9CQS5	17.86	476	391	90	1	495	1	547	0.39	23.5
I3LM39	Q96D46	18.60	457	372	84	1	495	1	503	0.53	23.1
I3LM39	Q5AJU7	19.73	446	358	102	1	495	1	499	0.53	23.1
I3LM39	Q9UBP0	24.84	483	363	145	1	495	1	616	3.8	21.9
I3LM39	A2VDN5	24.01	479	364	151	1	495	1	614	3.8	21.9
I3LM39	B8NNN3	21.95	483	377	113	1	495	1	584	4.4	21.7
I3LM39	Q9CZ30	21.24	386	304	119	1	495	1	396	5.1	21.0
I3LM39	Q8NAG6	23.31	472	362	166	1	495	1	615	5.1	21.6
I3LM39	Q13568	23.52	438	335	117	1	495	1	498	6.2	21.1
I3LM39	Q9NTK5	22.63	380	294	131	1	495	1	396	6.2	20.8
I3LM39	Q99LG4	19.81	429	344	77	1	495	1	440	7	20.8
I3LM39	Q9JIA7	26.61	466	342	180	1	495	1	617	7.4	21.2
O00327	O00327	100.00	626	0	0	1	626	1	626	0	301.2
O00327	Q91YA9	98.40	626	10	0	1	626	1	626	0	297.1
O00327	Q9WTL8	98.40	625	10	8	1	626	1	632	0	295.0
O00327	Q9I8T7	94.25	626	36	7	1	626	1	633	0	284.6
O00327	Q01663	22.20	527	410	124	1	626	1	552	0.0017	26.6
O00327	P19880	20.41	583	464	110	1	626	1	650	0.026	25.6
O00327	Q8N7N5	22.43	544	422	129	1	626	1	591	0.084	24.8
O00327	B8NNN3	23.52	557	426	96	1	626	1	584	0.14	24.5
O00327	Q5TAQ9	20.84	547	433	129	1	626	1	597	0.53	23.6
O00327	Q5U2M6	21.69	544	426	129	1	626	1	591	0.58	23.6
O00327	G0SCU5	18.85	573	465	94	1	626	1	614	0.99	23.2
O00327	Q10284	22.08	539	420	161	1	626	1	613	3.4	22.2
O00327	P40150	20.76	554	439	131	1	626	1	613	4.4	21.9
O00327	G4NAY4	17.55	587	484	66	1	626	1	614	5.6	21.7
O00327	Q80WE1	18.82	574	466	71	1	626	1	593	6	21.6
O00327	Q9ULX6	20.31	581	463	110	1	626	1	646	6	21.7
O00327	P11484	20.76	554	439	131	1	626	1	613	6	21.6
O00327	Q06787	18.20	588	481	82	1	626	1	632	7.1	21.5
O00327	P35922	19.01	584	473	72	1	626	1	614	9.3	21.1
O00571	O00571	100.00	662	0	0	1	662	1	662	0	290.7
O00571	Q62167	98.64	662	9	0	1	662	1	662	0	287.9
O00571	P35922	20.85	590	467	96	1	662	1	614	0.8	23.5
O00571	Q80WE1	20.76	578	458	99	1	662	1	593	1.8	22.8
O00571	Q5TAQ9	21.52	567	445	125	1	662	1	597	2.6	22.5
O00571	Q9BZ23	24.68	539	406	154	1	662	1	570	3.1	22.3
O00571	Q8N7N5	21.48	568	446	117	1	662	1	591	3.5	22.2
O00571	Q06787	21.48	596	468	102	1	662	1	632	3.8	22.2
O00571	P11484	19.52	589	474	97	1	662	1	613	6.6	21.6
O00571	Q9ULX6	20.99	605	478	98	1	662	1	646	7.3	21.6
O00571	Q5U2M6	22.10	561	437	131	1	662	1	591	7.7	21.4
O00571	P40150	19.35	589	475	97	1	662	1	613	7.7	21.4
O00571	Q9R0L7	21.04	594	469	116	1	662	1	642	8.1	21.4
O00571	P19880	17.67	617	508	78	1	662	1	650	8.9	21.3
O08560	O08560	100.00	929	0	0	1	929	1	929	0	368.8
O08560	Q80UP3	97.95	929	19	0	1	929	1	929	0	362.2
O08560	Q13574	97.09	928	27	1	1	929	1	928	0	358.1
O08560	Q9EST3	23.54	871	666	170	1	929	1	983	0.016	26.6
O08560	P15330	20.23	885	706	158	1	929	1	999	0.1	25.6
O08560	Q9NRA8	22.08	874	681	166	1	929	1	985	1.4	23.6
O08560	P35123	19.68	864	694	163	1	929	1	962	2.2	23.1
O08560	B2GUZ1	20.42	852	678	186	1	929	1	961	2.9	22.8
O08560	P35869	22.00	791	617	195	1	929	1	848	5.8	21.8
O08560	Q13107	20.56	856	680	180	1	929	1	963	6	21.9
O08560	Q6NVF4	24.57	879	663	245	1	929	1	1074	9.7	21.3
O15055	O15055	100.00	1255	0	0	1	1255	1	1255	0	392.5
O15055	O54943	80.27	1237	244	38	1	1255	1	1257	0	309.6
O15055	Q9Z301	79.71	1237	251	38	1	1255	1	1257	0	308.6
O15055	O35973	51.02	1172	574	202	1	1255	1	1291	0	159.9
O15055	O15534	49.62	1173	591	199	1	1255	1	1290	0	158.8
O15055	Q8CHI5	50.99	1167	572	214	1	1255	1	1293	0	158.1
O15534	O15534	100.00	1290	0	0	1	1290	1	1290	0	365.4
O15534	O35973	92.23	1287	100	7	1	1290	1	1291	0	336.5
O15534	Q8CHI5	91.99	1286	103	11	1	1290	1	1293	0	335.3
O15534	O54943	52.32	1162	554	223	1	1290	1	1257	0	142.9
O15534	O15055	49.87	1173	588	199	1	1290	1	1255	0	142.6
O15534	Q9Z301	51.90	1158	557	231	1	1290	1	1257	0	141.4
O35821	O35821	100.00	1344	0	0	1	1344	1	1344	0	432.1
O35821	Q7TPV4	89.69	1339	138	10	1	1344	1	1344	0	390.2
O35821	Q9BQG0	70.72	1315	385	42	1	1344	1	1328	0	306.1
O35821	F1LVW7	23.47	1112	851	292	1	1344	1	1172	0.0053	27.9
O35821	Q9Z207	21.88	1120	875	275	1	1344	1	1171	0.0084	27.6
O35821	Q9NSV4	23.15	1123	863	291	1	1344	1	1193	0.22	25.7
O35821	O54943	22.06	1201	936	199	1	1344	1	1257	2.8	23.6
O35821	Q9Z301	21.87	1207	943	187	1	1344	1	1257	2.8	23.6
O35821	O15055	22.79	1176	908	247	1	1344	1	1255	4.5	23.0
O35821	O55103	23.12	1237	951	261	1	1344	1	1391	4.7	23.1
O35923	O35923	100.00	3343	0	0	1	3343	1	3343	0	709.7
O35923	P97929	83.97	3312	531	48	1	3343	1	3329	0	581.3
O35923	P51587	58.98	3296	1352	169	1	3343	1	3418	0	383.0
O35973	O35973	100.00	1291	0	0	1	1291	1	1291	0	393.5
O35973	Q8CHI5	97.98	1288	26	8	1	1291	1	1293	0	382.5
O35973	O15534	92.23	1287	100	7	1	1291	1	1290	0	360.3
O35973	O15055	50.94	1172	575	202	1	1291	1	1255	0	152.7
O35973	O54943	52.19	1163	556	222	1	1291	1	1257	0	152.4
O35973	Q9Z301	52.32	1162	554	224	1	1291	1	1257	0	151.5
O54943	O54943	100.00	1257	0	0	1	1257	1	1257	0	335.0
O54943	Q9Z301	95.31	1257	59	0	1	1257	1	1257	0	320.8
O54943	O15055	80.27	1237	244	38	1	1257	1	1255	0	266.9
O54943	O35973	52.19	1163	556	222	1	1257	1	1291	0	139.1
O54943	O15534	51.93	1167	561	213	1	1257	1	1290	0	138.7
O54943	Q8CHI5	51.89	1162	559	226	1	1257	1	1293	0	138.6
O55103	O55103	100.00	1391	0	0	1	1391	1	1391	0	740.7
O55103	Q63425	93.31	1376	92	22	1	1391	1	1383	0	684.9
O55103	Q9BXM0	81.86	1389	252	74	1	1391	1	1461	0	594.8
O55103	E1BM58	79.24	1315	273	110	1	1391	1	1349	0	531.9
P15330	P15330	100.00	999	0	0	1	999	1	999	0	360.1
P15330	Q9EST3	23.30	880	675	222	1	999	1	983	0.0029	27.7
P15330	Q9NRA8	23.32	879	674	226	1	999	1	985	0.17	25.5
P15330	Q80UP3	21.00	881	696	166	1	999	1	929	1.8	23.6
P15330	Q13574	20.56	890	707	147	1	999	1	928	3.1	23.1
P15330	O08560	21.10	872	688	184	1	999	1	929	4.3	22.7
P19484	P19484	100.00	476	0	0	1	476	1	476	0	248.1
P19484	Q9R210	93.68	475	30	1	1	476	1	475	0	233.3
P19484	Q8N0Z6	21.90	411	321	94	1	476	1	440	2.1e-07	29.2
P19484	Q99LG4	21.65	411	322	94	1	476	1	440	1.1e-06	28.7
P19484	Q01663	22.86	455	351	118	1	476	1	552	2.6e-05	27.9
P19484	Q9CQS5	22.00	450	351	123	1	476	1	547	4.4e-05	27.7
P19484	Q5AJU7	21.75	446	349	83	1	476	1	499	7.6e-05	27.4
P19484	B8NNN3	22.39	469	364	122	1	476	1	584	0.00059	26.8
P19484	Q13568	20.81	447	354	80	1	476	1	498	0.0015	26.1
P19484	P56477	20.27	444	354	85	1	476	1	497	0.0018	26.1
P19484	Q8C6L5	19.30	456	368	71	1	476	1	507	0.0038	25.8
P19484	I3LM39	21.68	429	336	113	1	476	1	495	0.0067	25.5
P19484	Q9QZL6	23.83	449	342	144	1	476	1	566	0.0077	25.6
P19484	Q8N884	21.24	452	356	94	1	476	1	522	0.012	25.3
P19484	P70278	21.65	388	304	93	1	476	1	393	0.015	24.7
P19484	Q8NAG6	25.22	464	347	163	1	476	1	615	0.034	25.0
P19484	Q9BVS4	19.61	459	369	110	1	476	1	552	0.038	24.7
P19484	Q9UK80	20.77	467	370	107	1	476	1	565	0.063	24.5
P19484	P24813	16.92	402	334	81	1	476	1	409	0.11	23.7
P19484	Q9BZS1	20.49	405	322	97	1	476	1	431	0.11	23.8
P19484	B2RYN7	25.68	440	327	177	1	476	1	581	0.18	23.9
P19484	Q13148	17.49	406	335	78	1	476	1	414	0.61	22.6
P19484	Q9CZ30	21.73	382	299	108	1	476	1	396	1.3	22.0
P19484	Q9BWV3	20.18	456	364	78	1	476	1	514	1.5	22.3
P19484	Q9QYY8	26.99	452	330	186	1	476	1	614	1.6	22.5
P19484	Q9NTK5	22.77	382	295	108	1	476	1	396	1.9	21.7
P19484	Q96D46	18.38	457	373	65	1	476	1	503	2.3	21.9
P19484	P40150	20.97	472	373	145	1	476	1	613	2.4	22.1
P19484	Q99JB6	20.20	401	320	103	1	476	1	429	3.1	21.4
P19484	Q9EQE1	24.50	449	339	166	1	476	1	588	3.1	21.9
P19484	P11484	20.97	472	373	145	1	476	1	613	4.1	21.7
P19484	Q8CI15	23.80	374	285	110	1	476	1	382	5.7	20.6
P19484	Q80WE1	19.79	470	377	129	1	476	1	593	7.2	21.0
P19484	Q7M753	17.66	419	345	94	1	476	1	456	8.1	20.5
P19484	Q9HC62	20.00	470	376	125	1	476	1	589	8.6	20.8
P19484	Q91ZX6	19.70	462	371	140	1	476	1	588	9.6	20.7
P25963	P25963	100.00	317	0	0	1	317	1	317	0	188.2
P25963	Q08353	95.22	314	15	3	1	317	1	314	0	176.8
P25963	Q9Z1E3	92.04	314	25	3	1	317	1	314	0	172.9
P25963	Q3U0V2	23.93	280	213	67	1	317	1	310	0.094	22.0
P25963	Q15628	23.96	288	219	53	1	317	1	312	0.18	21.6
P25963	Q9NYA1	25.82	306	227	89	1	317	1	384	1.2	20.3
P25963	Q9NUL5	28.24	262	188	84	1	317	1	291	2	19.4
P25963	P70278	23.64	313	239	84	1	317	1	393	2.2	19.7
P25963	Q91V26	26.25	301	222	98	1	317	1	383	5.9	18.2
P25963	Q8CI15	24.67	304	229	91	1	317	1	382	5.9	18.2
P25963	P24813	24.12	311	236	104	1	317	1	409	7.1	18.0
P30561	P30561	100.00	848	0	0	1	848	1	848	0	351.5
P30561	P41738	91.01	845	76	11	1	848	1	853	0	318.2
P30561	P35869	73.74	834	219	28	1	848	1	848	0	256.3
P30561	Q9EST3	21.35	829	652	173	1	848	1	983	3	22.8
P30561	Q2TBA3	19.41	778	627	124	1	848	1	832	4.6	22.1
P35123	P35123	100.00	962	0	0	1	962	1	962	0	437.2
P35123	B2GUZ1	95.84	961	40	1	1	962	1	961	0	420.4
P35123	Q13107	90.85	962	88	1	1	962	1	963	0	402.0
P35123	Q9EST3	22.20	883	687	179	1	962	1	983	1.3	23.7
P35123	Q13574	19.95	862	690	166	1	962	1	928	1.6	23.5
P35123	Q9NRA8	24.05	873	663	201	1	962	1	985	1.9	23.4
P35123	Q80UP3	20.16	868	693	155	1	962	1	929	2.1	23.2
P35123	O08560	19.75	866	695	159	1	962	1	929	4.7	22.3
P35123	Q2TBA3	21.52	804	631	186	1	962	1	832	7.3	21.6
P35123	P78953	20.05	873	698	136	1	962	1	920	8.9	21.4
P35869	P35869	100.00	848	0	0	1	848	1	848	0	334.7
P35869	P41738	73.78	839	220	23	1	848	1	853	0	248.4
P35869	P30561	73.74	834	219	28	1	848	1	848	0	244.6
P35869	Q2TBA3	21.85	769	601	142	1	848	1	832	0.12	25.1
P35922	P35922	100.00	614	0	0	1	614	1	614	0	275.0
P35922	Q06787	96.74	614	20	18	1	614	1	632	0	264.4
P35922	Q80WE1	98.82	593	7	21	1	614	1	593	0	260.2
P35922	Q01663	20.94	530	419	106	1	614	1	552	0.62	23.4
P35922	P40150	21.58	556	436	115	1	614	1	613	3.2	22.2
P35922	P11484	21.76	556	435	115	1	614	1	613	4.4	21.9
P35922	Q9BVS4	20.60	529	420	108	1	614	1	552	5.6	21.5
P35922	B8NNN3	17.50	560	462	78	1	614	1	584	5.9	21.5
P35922	O00571	20.58	588	467	100	1	614	1	662	6.9	21.5
P35922	Q9CQS5	22.59	518	401	125	1	614	1	547	8.5	21.0
P41738	P41738	100.00	853	0	0	1	853	1	853	0	361.1
P41738	P30561	91.01	845	76	11	1	853	1	848	0	326.0
P41738	P35869	73.78	839	220	23	1	853	1	848	0	266.5
P41738	Q2TBA3	19.16	788	637	109	1	853	1	832	2.9	22.6
P41738	P78953	21.92	803	627	167	1	853	1	920	6.8	21.7
P46934	P46934	100.00	1319	0	0	1	1319	1	1319	0	467.7
P46934	O54943	20.10	1194	954	188	1	1319	1	1257	0.069	26.5
P46934	Q9Z301	19.10	1199	970	178	1	1319	1	1257	0.095	26.4
P46934	O15055	20.55	1173	932	228	1	1319	1	1255	0.15	26.1
P46934	E1BM58	20.37	1232	981	204	1	1319	1	1349	1.1	24.6
P46934	O15534	20.32	1186	945	237	1	1319	1	1290	1.2	24.5
P46934	O55103	20.73	1254	994	202	1	1319	1	1391	1.5	24.4
P46934	Q9BXM0	21.69	1254	982	272	1	1319	1	1461	2.6	23.9
P46934	Q63425	22.23	1237	962	228	1	1319	1	1383	2.7	23.8
P46934	Q6PIJ6	22.50	1120	868	267	1	1319	1	1188	3.2	23.4
P46934	Q8CHI5	18.55	1202	979	208	1	1319	1	1293	3.6	23.3
P46934	O35973	19.08	1195	967	220	1	1319	1	1291	5.4	22.8
P46934	Q8BMI0	20.94	1122	887	269	1	1319	1	1194	7	22.3
P46935	P46935	100.00	887	0	0	1	887	1	887	0	340.1
P46935	Q62940	95.36	883	41	8	1	887	1	887	0	322.3
P46935	P78953	22.17	821	639	165	1	887	1	920	0.065	25.6
P46935	Q2TBA3	20.78	794	629	131	1	887	1	832	4.3	22.0
P51587	P51587	100.00	3418	0	0	1	3418	1	3418	0	914.3
P51587	O35923	58.98	3296	1352	169	1	3418	1	3343	0	485.9
P51587	P97929	60.25	3283	1305	181	1	3418	1	3329	0	485.8
P52306	P52306	100.00	607	0	0	1	607	1	607	0	309.2
P56477	P56477	100.00	497	0	0	1	497	1	497	0	237.5
P56477	Q13568	87.30	496	63	3	1	497	1	498	0	208.1
P56477	Q99JB6	22.55	408	316	110	1	497	1	429	6.7e-08	29.6
P56477	Q9BZS1	23.53	408	312	112	1	497	1	431	7.7e-07	28.8
P56477	Q8NAG6	26.36	478	352	156	1	497	1	615	0.00028	27.3
P56477	Q9R210	20.04	449	359	74	1	497	1	475	0.0026	25.9
P56477	P19484	20.27	444	354	85	1	497	1	476	0.01	25.3
P56477	Q9JIA7	25.31	482	360	150	1	497	1	617	0.01	25.7
P56477	Q9UK80	26.20	458	338	146	1	497	1	565	0.024	25.1
P56477	Q9NYA1	25.87	375	278	131	1	497	1	384	0.027	24.5
P56477	Q9BWV3	21.62	458	359	95	1	497	1	514	0.047	24.7
P56477	Q8C6L5	20.22	455	363	94	1	497	1	507	0.064	24.5
P56477	Q9BZ23	22.77	470	363	127	1	497	1	570	0.079	24.5
P56477	Q9QZL6	26.09	460	340	143	1	497	1	566	0.079	24.5
P56477	I3LM39	20.99	443	350	106	1	497	1	495	0.088	24.2
P56477	Q5AJU7	21.02	452	357	92	1	497	1	499	0.21	23.7
P56477	Q8N0Z6	24.15	410	311	117	1	497	1	440	0.26	23.4
P56477	Q8CI15	27.56	352	255	175	1	497	1	382	0.37	23.0
P56477	Q9NRA0	26.97	482	352	187	1	497	1	654	0.44	23.7
P56477	Q91V26	24.13	373	283	134	1	497	1	383	0.57	22.7
P56477	P24813	21.16	397	313	112	1	497	1	409	0.74	22.6
P56477	B2RYN7	24.10	473	359	132	1	497	1	581	1.1	22.8
P56477	Q01663	20.00	475	380	99	1	497	1	552	1.2	22.7
P56477	P70278	22.45	383	297	124	1	497	1	393	1.3	22.2
P56477	Q99LG4	19.20	427	345	83	1	497	1	440	1.4	22.3
P56477	Q9CZ30	20.51	390	310	113	1	497	1	396	1.7	21.9
P56477	Q96D46	18.96	443	359	114	1	497	1	503	1.7	22.3
P56477	Q99L48	19.64	448	360	104	1	497	1	503	1.7	22.3
P56477	Q9HC62	22.00	459	358	168	1	497	1	589	1.9	22.4
P56477	A2VDN5	24.74	485	365	141	1	497	1	614	1.9	22.5
P56477	Q9NTK5	20.26	390	311	113	1	497	1	396	2.1	21.8
P56477	Q8N884	22.72	427	330	165	1	497	1	522	2.3	22.1
P56477	Q91ZX6	23.80	458	349	169	1	497	1	588	3	22.0
P56477	Q9QYY8	24.49	486	367	139	1	497	1	614	5.5	21.5
P56477	Q9EQE1	20.00	490	392	105	1	497	1	588	6.5	21.3
P56477	Q9UBP0	25.21	476	356	161	1	497	1	616	6.5	21.3
P56477	Q7M753	18.49	438	357	77	1	497	1	456	6.9	20.9
P70278	P70278	100.00	393	0	0	1	393	1	393	0	252.4
P70278	Q9NTK5	24.28	346	262	97	1	393	1	396	3.4e-08	29.1
P70278	Q9CZ30	24.28	346	262	97	1	393	1	396	4.6e-08	29.1
P70278	P24813	19.62	372	299	58	1	393	1	409	1.3e-05	27.2
P70278	P25963	23.89	314	239	82	1	393	1	317	0.00012	26.0
P70278	Q99JB6	25.07	351	263	120	1	393	1	429	0.00097	25.6
P70278	Q9R210	22.43	379	294	110	1	393	1	475	0.0012	25.7
P70278	Q08353	24.35	308	233	91	1	393	1	314	0.0017	24.9
P70278	Q99LG4	22.13	375	292	83	1	393	1	440	0.003	25.1
P70278	Q9Z1E3	24.43	307	232	93	1	393	1	314	0.0043	24.5
P70278	Q9BZS1	21.68	369	289	86	1	393	1	431	0.0061	24.7
P70278	Q9NYA1	22.00	350	273	77	1	393	1	384	0.0072	24.5
P70278	Q8N0Z6	23.47	375	287	83	1	393	1	440	0.0072	24.7
P70278	Q8C6L5	23.20	388	298	124	1	393	1	507	0.027	24.2
P70278	Q13148	15.45	382	323	43	1	393	1	414	0.032	23.8
P70278	P19484	21.65	388	304	93	1	393	1	476	0.05	23.8
P70278	Q3U0V2	21.68	309	242	85	1	393	1	310	0.12	22.7
P70278	Q5AJU7	20.94	382	302	128	1	393	1	499	0.15	23.2
P70278	Q91V26	20.29	345	275	86	1	393	1	383	0.29	22.4
P70278	Q15628	22.90	310	239	85	1	393	1	312	0.42	21.8
P70278	Q8CI15	21.26	348	274	79	1	393	1	382	1.6	21.0
P70278	P56477	22.45	383	297	124	1	393	1	497	2.5	20.9
P70278	Q8N884	23.00	387	298	141	1	393	1	522	5.4	20.2
P70278	Q8LH59	19.93	296	237	107	1	393	1	306	6.2	19.2
P70278	Q13568	22.37	389	302	113	1	393	1	498	7.9	19.6
P70278	Q7M753	19.43	386	311	77	1	393	1	456	8.3	19.4
P81299	P81299	100.00	709	0	0	1	709	1	709	0	331.9
P81299	Q06787	23.48	592	453	157	1	709	1	632	0.25	24.4
P81299	P19880	18.01	622	510	115	1	709	1	650	0.4	24.1
P81299	P35922	23.17	574	441	175	1	709	1	614	0.63	23.7
P81299	Q80WE1	23.73	569	434	164	1	709	1	593	0.75	23.6
P81299	Q9I8T7	23.65	592	452	158	1	709	1	633	2.5	22.7
P81299	B8NNN3	21.54	571	448	151	1	709	1	584	2.5	22.6
P81299	O00571	22.58	598	463	175	1	709	1	662	4.2	22.3
P81299	Q62167	22.35	604	469	163	1	709	1	662	6.4	21.8
P97929	P97929	100.00	3329	0	0	1	3329	1	3329	0	822.7
P97929	O35923	83.97	3312	531	48	1	3329	1	3343	0	675.3
P97929	P51587	60.25	3283	1305	181	1	3329	1	3418	0	443.5
Q00994	Q00994	100.00	111	0	0	1	111	1	111	0	119.3
Q00994	Q9WTZ9	92.79	111	8	13	1	111	1	124	0	111.2
Q00994	Q13015	21.59	88	69	25	1	111	1	90	1.9	14.7
Q00994	P97783	24.42	86	65	29	1	111	1	90	3.4	13.2
Q00994	Q5M971	21.59	88	69	25	1	111	1	90	3.5	13.1
Q06787	Q06787	100.00	632	0	0	1	632	1	632	0	283.0
Q06787	P35922	96.74	614	20	18	1	632	1	614	0	264.9
Q06787	Q80WE1	97.30	593	16	39	1	632	1	593	0	255.1
Q06787	Q01663	19.74	547	439	90	1	632	1	552	0.87	23.2
Q06787	B8NNN3	19.53	558	449	100	1	632	1	584	5.9	21.6
Q06787	Q9UBP0	20.39	569	453	110	1	632	1	616	7.8	21.3
Q06787	P19880	18.86	594	482	94	1	632	1	650	8.6	21.3
Q06787	Q9I8T7	20.24	583	465	99	1	632	1	633	9.5	21.1
Q06787	B2RYN7	23.42	538	412	137	1	632	1	581	9.9	21.0
Q06787	P81299	22.73	594	459	153	1	632	1	709	9.9	21.2
Q08353	Q08353	100.00	314	0	0	1	314	1	314	0	179.8
Q08353	P25963	95.22	314	15	3	1	314	1	317	0	170.3
Q08353	Q9Z1E3	92.68	314	23	0	1	314	1	314	0	168.3
Q08353	Q3U0V2	22.58	279	216	66	1	314	1	310	0.53	20.8
Q08353	Q15628	24.01	279	212	68	1	314	1	312	2	19.4
Q08353	P24813	24.03	308	234	107	1	314	1	409	2.8	19.5
Q08353	Q9NUL5	22.66	278	215	49	1	314	1	291	4.2	18.4
Q08353	Q9NYA1	23.78	307	234	84	1	314	1	384	4.6	18.7
Q08353	P70278	23.62	309	236	89	1	314	1	393	6.1	18.2
Q08353	Q91V26	23.67	300	229	97	1	314	1	383	8	17.5
Q08353	Q8CI15	25.33	300	224	96	1	314	1	382	9.4	17.1
Q13015	Q13015	100.00	90	0	0	1	90	1	90	1e-280	80.1
Q13015	P97783	87.64	89	11	2	1	90	1	90	9.2e-200	69.7
Q13015	Q5M971	84.27	89	14	2	1	90	1	90	1.2e-185	67.6
Q13015	Q00994	21.59	88	69	25	1	90	1	111	3.7	11.5
Q13107	Q13107	100.00	963	0	0	1	963	1	963	0	366.6
Q13107	P35123	90.85	962	88	1	1	963	1	962	0	336.2
Q13107	B2GUZ1	90.01	961	96	2	1	963	1	961	0	332.2
Q13107	Q9EST3	23.15	890	684	166	1	963	1	983	0.043	26.1
Q13107	Q9NRA8	22.22	891	693	166	1	963	1	985	0.46	24.6
Q13107	Q2TBA3	22.26	786	611	223	1	963	1	832	3.7	22.5
Q13107	Q13574	19.74	861	691	169	1	963	1	928	5	22.3
Q13107	Q80UP3	20.28	863	688	166	1	963	1	929	7.2	21.8
Q13107	O08560	20.26	859	685	174	1	963	1	929	9.3	21.3
Q13148	Q13148	100.00	414	0	0	1	414	1	414	0	228.7
Q13148	Q8N0Z6	21.43	392	308	70	1	414	1	440	0.31	22.6
Q13148	Q99LG4	22.66	384	297	86	1	414	1	440	0.31	22.6
Q13148	Q7M753	20.50	400	318	70	1	414	1	456	1.5	21.3
Q13148	P70278	15.75	381	321	45	1	414	1	393	3	20.5
Q13148	Q96D46	22.94	388	299	141	1	414	1	503	8.2	19.6
Q13148	Q5AJU7	21.50	400	314	113	1	414	1	499	9.3	19.3
Q13148	Q99JB6	21.24	386	304	71	1	414	1	429	9.3	19.1
Q13568	Q13568	100.00	498	0	0	1	498	1	498	0	255.2
Q13568	P56477	87.30	496	63	3	1	498	1	497	0	222.6
Q13568	Q99JB6	23.63	402	307	123	1	498	1	429	3.5e-07	29.1
Q13568	Q9UK80	25.97	462	342	139	1	498	1	565	7.8e-07	29.2
Q13568	Q9BZS1	23.86	415	316	99	1	498	1	431	1.4e-06	28.7
Q13568	Q8NAG6	26.43	488	359	137	1	498	1	615	2.5e-06	29.0
Q13568	Q9QZL6	26.03	461	341	142	1	498	1	566	2.5e-06	28.9
Q13568	Q9R210	20.40	446	355	81	1	498	1	475	0.00023	27.0
Q13568	P19484	20.00	450	360	74	1	498	1	476	0.0014	26.2
Q13568	Q9JIA7	26.29	483	356	149	1	498	1	617	0.0022	26.4
Q13568	Q8C6L5	24.27	445	337	115	1	498	1	507	0.0075	25.6
Q13568	Q9BWV3	19.57	460	370	92	1	498	1	514	0.049	24.6
Q13568	P24813	23.02	391	301	125	1	498	1	409	0.061	24.2
Q13568	Q9NYA1	23.88	381	290	120	1	498	1	384	0.069	24.0
Q13568	Q01663	21.31	474	373	102	1	498	1	552	0.096	24.4
Q13568	Q9NRA0	26.97	482	352	188	1	498	1	654	0.15	24.3
Q13568	Q8N0Z6	22.43	428	332	82	1	498	1	440	0.18	23.7
Q13568	Q5AJU7	17.69	458	377	81	1	498	1	499	0.3	23.5
Q13568	Q99LG4	20.79	428	339	82	1	498	1	440	0.3	23.3
Q13568	A2VDN5	21.71	479	375	154	1	498	1	614	0.49	23.5
Q13568	Q99L48	21.58	431	338	139	1	498	1	503	0.64	23.0
Q13568	Q96D46	19.86	443	355	115	1	498	1	503	0.7	23.0
Q13568	B8NNN3	21.62	481	377	120	1	498	1	584	0.76	23.1
Q13568	Q91V26	22.25	373	290	135	1	498	1	383	0.91	22.4
Q13568	I3LM39	23.29	438	336	117	1	498	1	495	1.3	22.5
Q13568	Q8CI15	23.94	376	286	128	1	498	1	382	1.3	22.1
Q13568	B2RYN7	19.27	493	398	93	1	498	1	581	1.6	22.5
Q13568	Q9HC62	19.96	486	389	115	1	498	1	589	1.9	22.4
Q13568	P70278	22.11	389	303	113	1	498	1	393	2	21.8
Q13568	Q9BZ23	20.96	477	377	114	1	498	1	570	2.4	22.2
Q13568	Q13148	22.47	396	307	120	1	498	1	414	2.9	21.6
Q13568	Q8N884	21.58	431	338	158	1	498	1	522	3.9	21.6
Q13568	Q9QYY8	21.04	480	379	152	1	498	1	614	5	21.6
Q13568	Q9UBP0	20.46	479	381	156	1	498	1	616	5.3	21.6
Q13568	Q7M753	18.16	446	365	62	1	498	1	456	6.4	20.9
Q13568	Q9EQE1	20.75	482	382	122	1	498	1	588	7.1	21.2
Q13568	Q91ZX6	20.04	474	379	138	1	498	1	588	7.6	21.1
Q13574	Q13574	100.00	928	0	0	1	928	1	928	0	360.9
Q13574	O08560	97.09	928	27	1	1	928	1	929	0	351.4
Q13574	Q80UP3	95.69	928	40	1	1	928	1	929	0	348.1
Q13574	Q9EST3	22.64	879	680	153	1	928	1	983	0.0034	27.4
Q13574	P15330	20.58	889	706	149	1	928	1	999	0.097	25.6
Q13574	Q9NRA8	21.46	876	688	161	1	928	1	985	0.66	24.2
Q13574	B2GUZ1	20.37	859	684	171	1	928	1	961	1.1	23.8
Q13574	P35123	20.07	862	689	166	1	928	1	962	1.1	23.8
Q13574	Q13107	20.23	860	686	171	1	928	1	963	3.6	22.6
Q13574	Q6NVF4	23.51	889	680	224	1	928	1	1074	7.4	21.8
Q13574	Q2TBA3	21.63	786	616	188	1	928	1	832	7.4	21.4
Q13574	P35869	22.08	788	614	200	1	928	1	848	7.9	21.3
Q15628	Q15628	100.00	312	0	0	1	312	1	312	0	184.5
Q15628	Q3U0V2	77.10	310	71	2	1	312	1	310	0	143.1
Q15628	P25963	23.96	288	219	53	1	312	1	317	2	19.5
Q15628	Q9Z1E3	26.09	276	204	74	1	312	1	314	3.2	18.9
Q15628	Q9NUL5	23.08	273	210	57	1	312	1	291	4.6	18.2
Q15628	Q08353	23.05	282	217	62	1	312	1	314	6	17.9
Q15628	Q8LH59	20.76	289	229	40	1	312	1	306	9.9	16.6
Q2TBA3	Q2TBA3	100.00	832	0	0	1	832	1	832	0	305.3
Q2TBA3	P35869	21.72	769	602	142	1	832	1	848	0.0017	27.4
Q2TBA3	P41738	18.91	788	639	109	1	832	1	853	0.16	25.0
Q2TBA3	P30561	19.18	782	632	116	1	832	1	848	0.45	24.4
Q2TBA3	P46935	20.78	794	629	131	1	832	1	887	1.3	23.6
Q2TBA3	Q13107	22.39	786	610	223	1	832	1	963	1.5	23.6
Q2TBA3	B2GUZ1	21.17	803	633	187	1	832	1	961	2.1	23.3
Q2TBA3	P35123	21.82	802	627	190	1	832	1	962	2.8	23.0
Q2TBA3	Q13574	21.50	786	617	188	1	832	1	928	5.2	22.3
Q2TBA3	Q62940	20.66	784	622	151	1	832	1	887	6	22.0
Q2TBA3	G5E8Z2	24.03	749	569	184	1	832	1	850	7	21.7
Q3LUD4	Q3LUD4	100.00	670	0	0	1	670	1	670	0	273.3
Q3LUD4	Q91YU6	96.27	670	25	1	1	670	1	671	0	264.1
Q3LUD4	Q8NAG6	23.84	583	444	119	1	670	1	615	1.5e-08	31.0
Q3LUD4	A2VDN5	23.83	575	438	134	1	670	1	614	0.0039	26.5
Q3LUD4	Q9QYY8	24.61	577	435	130	1	670	1	614	0.058	25.2
Q3LUD4	Q9R0L7	20.85	609	482	94	1	670	1	642	0.12	24.8
Q3LUD4	Q9ULX6	23.22	603	463	110	1	670	1	646	0.18	24.6
Q3LUD4	Q9UBP0	22.18	586	456	114	1	670	1	616	0.35	24.1
Q3LUD4	G0SCU5	21.00	581	459	122	1	670	1	614	0.41	24.0
Q3LUD4	Q9QZL6	26.44	537	395	162	1	670	1	566	0.45	23.8
Q3LUD4	Q9UK80	26.17	535	395	165	1	670	1	565	0.45	23.8
Q3LUD4	Q9I8T7	21.78	583	456	137	1	670	1	633	0.71	23.6
Q3LUD4	B8NNN3	21.98	555	433	144	1	670	1	584	1.6	22.9
Q3LUD4	Q9BZ23	26.10	544	402	152	1	670	1	570	1.6	22.9
Q3LUD4	B2RYN7	22.32	560	435	131	1	670	1	581	1.7	22.8
Q3LUD4	Q9WTL8	19.93	602	482	98	1	670	1	632	2.3	22.7
Q3LUD4	P40150	21.54	585	459	113	1	670	1	613	3.3	22.3
Q3LUD4	G4NAY4	19.36	594	479	96	1	670	1	614	3.5	22.3
Q3LUD4	P11484	21.75	584	457	115	1	670	1	613	3.5	22.3
Q3LUD4	Q91YA9	20.44	592	471	112	1	670	1	626	3.5	22.3
Q3LUD4	O00327	20.40	593	472	110	1	670	1	626	3.7	22.3
Q3U0V2	Q3U0V2	100.00	310	0	0	1	310	1	310	0	177.6
Q3U0V2	Q15628	77.10	310	71	2	1	310	1	312	0	139.6
Q3U0V2	P25963	23.40	282	216	63	1	310	1	317	0.12	21.8
Q3U0V2	Q9Z1E3	24.73	275	207	74	1	310	1	314	0.17	21.6
Q3U0V2	Q08353	22.42	281	218	62	1	310	1	314	0.27	21.2
Q3U0V2	Q9NUL5	22.55	275	213	51	1	310	1	291	2.2	19.2
Q3U0V2	Q9NYA1	26.55	290	213	114	1	310	1	384	5.4	18.2
Q3U0V2	Q8LH59	18.43	293	239	30	1	310	1	306	7.2	17.3
Q5TAQ9	Q5TAQ9	100.00	597	0	0	1	597	1	597	0	315.1
Q5TAQ9	Q5U2M6	97.97	591	12	6	1	597	1	591	0	305.9
Q5TAQ9	Q8N7N5	96.78	590	19	8	1	597	1	591	0	301.9
Q5TAQ9	B8NNN3	22.00	541	422	99	1	597	1	584	0.00062	27.1
Q5TAQ9	Q01663	19.89	528	423	93	1	597	1	552	0.0032	26.3
Q5TAQ9	P40150	22.42	562	436	86	1	597	1	613	0.11	24.6
Q5TAQ9	Q9WTL8	22.55	550	426	129	1	597	1	632	0.11	24.6
Q5TAQ9	P19880	22.91	550	424	147	1	597	1	650	0.13	24.6
Q5TAQ9	P11484	22.70	555	429	100	1	597	1	613	0.16	24.4
Q5TAQ9	Q9I8T7	20.48	547	435	136	1	597	1	633	0.16	24.4
Q5TAQ9	O00327	21.02	547	432	129	1	597	1	626	0.36	23.9
Q5TAQ9	Q91YA9	21.10	545	430	133	1	597	1	626	0.73	23.4
Q5TAQ9	G4NAY4	22.74	554	428	103	1	597	1	614	0.88	23.3
Q5TAQ9	I3LM39	21.19	486	383	120	1	597	1	495	1.3	22.7
Q5TAQ9	G0SCU5	22.48	556	431	99	1	597	1	614	1.3	23.0
Q5TAQ9	Q9HC62	23.39	513	393	160	1	597	1	589	2.1	22.5
Q5TAQ9	Q10284	22.75	545	421	120	1	597	1	613	2.5	22.4
Q5TAQ9	Q9EQE1	22.20	518	403	149	1	597	1	588	4.6	21.8
Q5TAQ9	O00571	21.52	567	445	125	1	597	1	662	4.9	21.9
Q5TAQ9	Q62167	20.99	567	448	125	1	597	1	662	6	21.7
Q5TAQ9	Q9R0L7	21.26	555	437	129	1	597	1	642	7.2	21.4
Q5TAQ9	Q9BWV3	23.82	487	371	137	1	597	1	514	8.6	20.9
Q62167	Q62167	100.00	662	0	0	1	662	1	662	0	309.9
Q62167	O00571	98.64	662	9	0	1	662	1	662	0	306.2
Q62167	P35922	20.53	599	476	78	1	662	1	614	1.3	23.1
Q62167	Q8N7N5	22.05	567	442	119	1	662	1	591	1.8	22.8
Q62167	Q5TAQ9	20.99	567	448	125	1	662	1	597	1.9	22.8
Q62167	Q9ULX6	21.43	602	473	104	1	662	1	646	2.8	22.6
Q62167	P11484	19.69	589	473	97	1	662	1	613	4.1	22.1
Q62167	Q80WE1	21.22	575	453	105	1	662	1	593	4.1	22.1
Q62167	Q9R0L7	20.57	598	475	108	1	662	1	642	4.4	22.1
Q62167	Q9BZ23	24.44	540	408	152	1	662	1	570	4.4	21.9
Q62167	P40150	19.52	589	474	97	1	662	1	613	5	21.9
Q62167	Q5U2M6	22.04	558	435	137	1	662	1	591	5.6	21.7
Q62167	Q06787	22.09	593	462	108	1	662	1	632	7.8	21.5
Q62940	Q62940	100.00	887	0	0	1	887	1	887	0	318.2
Q62940	P46935	95.36	883	41	8	1	887	1	887	0	302.5
Q62940	P78953	22.22	828	644	151	1	887	1	920	0.56	24.1
Q63425	Q63425	100.00	1383	0	0	1	1383	1	1383	0	870.9
Q63425	O55103	93.31	1376	92	22	1	1383	1	1391	0	811.1
Q63425	Q9BXM0	80.30	1381	272	82	1	1383	1	1461	0	688.9
Q63425	E1BM58	77.16	1322	302	88	1	1383	1	1349	0	628.7
Q6ICB0	Q6ICB0	100.00	168	0	0	1	168	1	168	0	158.4
Q6ICB0	Q9CQT7	97.02	168	5	0	1	168	1	168	0	154.8
Q6ICB0	Q9LPZ4	22.42	165	128	42	1	168	1	204	0.73	18.2
Q6ICB0	A8MR65	22.64	159	123	51	1	168	1	201	1.6	17.3
Q6ICB0	Q8S4Q6	20.73	164	130	42	1	168	1	202	3	16.2
Q6ICB0	Q9GZX7	22.64	159	123	48	1	168	1	198	5.9	13.9
Q6ICB0	Q9WVE0	21.66	157	123	52	1	168	1	198	6.9	12.1
Q6NVF4	Q6NVF4	100.00	1074	0	0	1	1074	1	1074	0	393.6
Q6NVF4	Q8NG08	68.36	1046	331	69	1	1074	1	1087	0	255.3
Q6NVF4	Q9NRA8	20.97	949	750	161	1	1074	1	985	0.12	25.9
Q6NVF4	Q9EST3	21.06	945	746	167	1	1074	1	983	0.22	25.5
Q6NVF4	Q80UP3	25.37	875	653	253	1	1074	1	929	0.49	24.9
Q6NVF4	P15330	20.25	943	752	187	1	1074	1	999	0.64	24.8
Q6NVF4	Q13574	23.03	890	685	222	1	1074	1	928	0.95	24.4
Q6NVF4	O08560	24.97	877	658	249	1	1074	1	929	2.1	23.7
Q6NVF4	Q8BMI0	22.28	1001	778	266	1	1074	1	1194	4.9	23.2
Q6NVF4	Q13107	21.62	902	707	233	1	1074	1	963	6.8	22.5
Q6PIJ6	Q6PIJ6	100.00	1188	0	0	1	1188	1	1188	0	478.0
Q6PIJ6	Q8BMI0	94.36	1188	67	6	1	1188	1	1194	0	454.1
Q6PIJ6	Q8NG08	21.41	1023	804	229	1	1188	1	1087	3.4e-06	30.7
Q6PIJ6	P15330	20.82	975	772	237	1	1188	1	999	6.4e-06	30.4
Q6PIJ6	O15055	20.47	1109	882	225	1	1188	1	1255	0.0036	28.2
Q6PIJ6	Q6NVF4	21.15	1007	794	248	1	1188	1	1074	0.014	27.3
Q6PIJ6	Q9NRA8	21.01	966	763	241	1	1188	1	985	0.014	27.1
Q6PIJ6	Q9Z301	19.34	1127	909	191	1	1188	1	1257	0.028	27.1
Q6PIJ6	O54943	20.74	1114	883	217	1	1188	1	1257	0.031	27.1
Q6PIJ6	Q7TPV4	20.07	1156	924	220	1	1188	1	1344	0.05	26.9
Q6PIJ6	E1BM58	21.08	1143	902	251	1	1188	1	1349	0.05	26.9
Q6PIJ6	Q9EST3	22.35	953	740	265	1	1188	1	983	0.055	26.4
Q6PIJ6	P46934	22.50	1120	868	267	1	1188	1	1319	0.1	26.4
Q6PIJ6	Q9Z207	20.95	1093	864	173	1	1188	1	1171	0.19	25.9
Q6PIJ6	F1LVW7	20.35	1081	861	198	1	1188	1	1172	0.24	25.7
Q6PIJ6	O35821	20.70	1145	908	242	1	1188	1	1344	0.42	25.5
Q6PIJ6	O55103	22.24	1142	888	295	1	1188	1	1391	1.4	24.7
Q6PIJ6	Q9BQG0	21.22	1131	891	254	1	1188	1	1328	2.9	23.9
Q6PIJ6	Q63425	22.07	1133	883	305	1	1188	1	1383	3.5	23.7
Q6PIJ6	Q9NSV4	20.98	1077	851	227	1	1188	1	1193	6.6	22.7
Q7M753	Q7M753	100.00	456	0	0	1	456	1	456	0	226.8
Q7M753	Q9BZ23	91.45	456	39	114	1	456	1	570	0	193.8
Q7M753	I3LM39	23.31	429	329	93	1	456	1	495	8.3e-08	29.5
Q7M753	Q8N884	25.36	422	315	134	1	456	1	522	0.00015	27.0
Q7M753	Q9BZS1	20.44	406	323	75	1	456	1	431	0.00038	26.3
Q7M753	P24813	19.49	390	314	85	1	456	1	409	0.0015	25.7
Q7M753	Q8C6L5	24.88	422	317	119	1	456	1	507	0.0031	25.6
Q7M753	Q13148	19.06	404	327	62	1	456	1	414	0.012	24.7
Q7M753	Q99JB6	21.36	398	313	89	1	456	1	429	0.064	23.9
Q7M753	Q9BWV3	20.87	436	345	98	1	456	1	514	0.15	23.6
Q7M753	Q9CQS5	21.09	441	348	121	1	456	1	547	0.44	23.0
Q7M753	Q8N0Z6	18.10	420	344	56	1	456	1	440	0.63	22.4
Q7M753	Q9QZL6	24.50	449	339	124	1	456	1	566	0.89	22.5
Q7M753	B8NNN3	24.54	436	329	168	1	456	1	584	1.3	22.2
Q7M753	Q99LG4	18.54	410	334	76	1	456	1	440	1.4	21.8
Q7M753	Q9UK80	24.66	446	336	129	1	456	1	565	1.7	22.0
Q7M753	Q91ZX6	23.88	448	341	148	1	456	1	588	1.7	22.0
Q7M753	Q5AJU7	21.09	422	333	111	1	456	1	499	2.2	21.6
Q7M753	Q9HC62	26.67	435	319	175	1	456	1	589	2.6	21.7
Q7M753	Q01663	23.76	442	337	124	1	456	1	552	3.5	21.2
Q7M753	Q9BVS4	20.05	444	355	120	1	456	1	552	3.5	21.2
Q7M753	P70278	19.43	386	311	77	1	456	1	393	4.3	20.6
Q7M753	B2RYN7	24.72	445	335	147	1	456	1	581	4.3	21.1
Q7M753	Q9CZ30	20.10	383	306	86	1	456	1	396	4.5	20.5
Q7M753	Q96D46	21.80	422	330	115	1	456	1	503	4.8	20.8
Q7M753	Q9EQE1	24.26	437	331	170	1	456	1	588	4.8	21.0
Q7M753	Q9NTK5	19.63	382	307	88	1	456	1	396	5.1	20.4
Q7M753	Q9R210	18.93	428	347	75	1	456	1	475	6	20.4
Q7M753	P56477	18.71	433	352	87	1	456	1	497	7	20.3
Q7M753	Q99L48	21.26	428	337	103	1	456	1	503	8.1	20.1
Q7M753	P19484	18.96	422	342	88	1	456	1	476	9.3	19.9
Q7M753	Q91V26	22.64	371	287	97	1	456	1	383	9.8	19.5
Q7M753	Q13568	18.55	442	360	70	1	456	1	498	9.8	19.9
Q7TPV4	Q7TPV4	100.00	1344	0	0	1	1344	1	1344	0	451.8
Q7TPV4	O35821	89.69	1339	138	10	1	1344	1	1344	0	406.4
Q7TPV4	Q9BQG0	71.07	1317	381	38	1	1344	1	1328	0	323.4
Q7TPV4	Q9Z207	22.84	1125	868	265	1	1344	1	1171	0.09	26.3
Q7TPV4	F1LVW7	21.65	1127	883	262	1	1344	1	1172	0.5	25.1
Q7TPV4	Q9NSV4	23.80	1126	858	285	1	1344	1	1193	1.2	24.3
Q7TPV4	O15055	22.60	1177	911	245	1	1344	1	1255	7.3	22.2
Q7TPV4	O55103	21.07	1258	993	219	1	1344	1	1391	8.7	22.1
Q7TPV4	O54943	21.38	1207	949	187	1	1344	1	1257	9.6	21.7
Q80UP3	Q80UP3	100.00	929	0	0	1	929	1	929	0	336.0
Q80UP3	O08560	97.95	929	19	0	1	929	1	929	0	330.1
Q80UP3	Q13574	95.69	928	40	1	1	929	1	928	0	323.3
Q80UP3	P15330	20.36	894	712	140	1	929	1	999	0.038	26.1
Q80UP3	Q9EST3	23.25	873	670	166	1	929	1	983	0.14	25.3
Q80UP3	P35123	19.82	868	696	155	1	929	1	962	1.1	23.7
Q80UP3	B2GUZ1	20.35	860	685	170	1	929	1	961	1.5	23.5
Q80UP3	Q9NRA8	22.87	870	671	174	1	929	1	985	1.7	23.4
Q80UP3	Q6NVF4	24.97	877	658	249	1	929	1	1074	4.1	22.6
Q80UP3	Q13107	20.91	856	677	180	1	929	1	963	4.3	22.4
Q80UP3	P35869	22.04	785	612	207	1	929	1	848	5.9	21.8
Q80WE1	Q80WE1	100.00	593	0	0	1	593	1	593	0	271.3
Q80WE1	P35922	98.82	593	7	21	1	593	1	614	0	265.4
Q80WE1	Q06787	97.30	593	16	39	1	593	1	632	0	259.8
Q80WE1	Q01663	18.85	541	439	63	1	593	1	552	0.042	25.0
Q80WE1	Q9BVS4	20.49	527	419	91	1	593	1	552	1.7	22.6
Q80WE1	P40150	21.13	549	433	108	1	593	1	613	2.6	22.4
Q80WE1	P11484	21.31	549	432	108	1	593	1	613	3	22.2
Q80WE1	B8NNN3	17.66	555	457	67	1	593	1	584	6.6	21.4
Q80WE1	Q9I8T7	19.41	577	465	72	1	593	1	633	7.3	21.4
Q80WE1	Q91ZX6	22.14	542	422	97	1	593	1	588	9.9	20.9
Q8BMI0	Q8BMI0	100.00	1194	0	0	1	1194	1	1194	0	469.8
Q8BMI0	Q6PIJ6	94.36	1188	67	6	1	1194	1	1188	0	443.5
Q8BMI0	E1BM58	22.03	1144	892	255	1	1194	1	1349	2.3e-06	31.2
Q8BMI0	Q6NVF4	22.18	1001	779	266	1	1194	1	1074	2.5e-05	30.0
Q8BMI0	P15330	21.59	968	759	257	1	1194	1	999	0.00019	29.1
Q8BMI0	O15055	20.88	1097	868	255	1	1194	1	1255	0.00078	28.9
Q8BMI0	Q8NG08	22.78	1001	773	279	1	1194	1	1087	0.00078	28.6
Q8BMI0	Q9NRA8	21.90	959	749	261	1	1194	1	985	0.0016	28.2
Q8BMI0	Q7TPV4	20.59	1146	910	246	1	1194	1	1344	0.012	27.7
Q8BMI0	Q9Z207	19.87	1097	879	171	1	1194	1	1171	0.018	27.3
Q8BMI0	Q9Z301	19.89	1126	902	199	1	1194	1	1257	0.024	27.2
Q8BMI0	Q63425	21.65	1141	894	295	1	1194	1	1383	0.029	27.2
Q8BMI0	O55103	22.63	1140	882	305	1	1194	1	1391	0.039	27.1
Q8BMI0	Q9EST3	22.97	949	731	279	1	1194	1	983	0.051	26.4
Q8BMI0	F1LVW7	20.00	1090	872	186	1	1194	1	1172	0.051	26.7
Q8BMI0	P46934	20.94	1122	887	269	1	1194	1	1319	0.11	26.4
Q8BMI0	O54943	20.75	1118	886	215	1	1194	1	1257	0.17	26.0
Q8BMI0	Q9BXM0	22.12	1153	898	349	1	1194	1	1461	0.38	25.7
Q8BMI0	Q9BQG0	19.48	1155	930	212	1	1194	1	1328	0.5	25.4
Q8BMI0	O35821	18.70	1166	948	206	1	1194	1	1344	0.62	25.2
Q8BMI0	Q9NSV4	18.81	1095	889	197	1	1194	1	1193	5.9	22.9
Q8BMI0	P78953	23.42	901	690	312	1	1194	1	920	6.9	22.3
Q8BMI0	P35123	24.65	921	694	314	1	1194	1	962	9.5	21.9
Q8C6L5	Q8C6L5	100.00	507	0	0	1	507	1	507	0	249.8
Q8C6L5	Q8N884	62.79	481	179	67	1	507	1	522	0	143.8
Q8C6L5	I3LM39	62.97	478	177	46	1	507	1	495	0	143.4
Q8C6L5	Q9BZ23	23.03	482	371	113	1	507	1	570	0.0004	27.1
Q8C6L5	Q01663	20.87	484	383	91	1	507	1	552	0.00074	26.8
Q8C6L5	Q99JB6	28.36	402	288	132	1	507	1	429	0.0012	26.2
Q8C6L5	Q9BZS1	25.60	414	308	110	1	507	1	431	0.0058	25.5
Q8C6L5	Q91ZX6	23.91	481	366	133	1	507	1	588	0.0058	25.9
Q8C6L5	Q9EQE1	23.14	484	372	127	1	507	1	588	0.011	25.6
Q8C6L5	Q5AJU7	18.42	467	381	72	1	507	1	499	0.1	24.2
Q8C6L5	Q7M753	24.88	422	317	119	1	507	1	456	0.13	24.0
Q8C6L5	Q9QZL6	22.43	477	370	119	1	507	1	566	0.25	23.9
Q8C6L5	Q9HC62	25.69	471	350	154	1	507	1	589	0.28	23.9
Q8C6L5	Q5U2M6	22.13	488	380	122	1	507	1	591	0.34	23.8
Q8C6L5	P19484	19.82	454	364	75	1	507	1	476	0.45	23.3
Q8C6L5	Q8N7N5	21.47	489	384	120	1	507	1	591	0.55	23.4
Q8C6L5	Q9UK80	21.59	477	374	118	1	507	1	565	0.6	23.3
Q8C6L5	B2RYN7	24.12	481	365	126	1	507	1	581	0.73	23.2
Q8C6L5	P70278	23.20	388	298	124	1	507	1	393	0.8	22.6
Q8C6L5	Q13568	24.27	445	337	115	1	507	1	498	0.8	22.9
Q8C6L5	B8NNN3	24.05	474	360	143	1	507	1	584	1.1	22.9
Q8C6L5	P56477	20.58	452	359	100	1	507	1	497	1.2	22.6
Q8C6L5	Q9BWV3	17.87	470	386	81	1	507	1	514	1.2	22.7
Q8C6L5	Q8N0Z6	22.54	426	330	95	1	507	1	440	1.6	22.2
Q8C6L5	Q96D46	19.87	458	367	94	1	507	1	503	2.2	22.2
Q8C6L5	Q5TAQ9	19.68	493	396	118	1	507	1	597	2.7	22.2
Q8C6L5	Q8NAG6	24.95	485	364	152	1	507	1	615	3.4	22.1
Q8C6L5	Q9R210	19.34	455	367	72	1	507	1	475	4.2	21.5
Q8C6L5	Q99LG4	22.09	430	335	87	1	507	1	440	7.4	20.8
Q8C6L5	Q9QYY8	23.52	489	374	143	1	507	1	614	7.8	21.2
Q8CHI5	Q8CHI5	100.00	1293	0	0	1	1293	1	1293	0	357.8
Q8CHI5	O35973	97.98	1288	26	8	1	1293	1	1291	0	348.1
Q8CHI5	O15534	91.99	1286	103	11	1	1293	1	1290	0	326.8
Q8CHI5	O54943	51.89	1162	559	226	1	1293	1	1257	0	139.6
Q8CHI5	Q9Z301	51.94	1161	558	228	1	1293	1	1257	0	139.1
Q8CHI5	O15055	50.60	1168	577	212	1	1293	1	1255	0	138.7
Q8CI15	Q8CI15	100.00	382	0	0	1	382	1	382	0	211.0
Q8CI15	Q91V26	89.27	382	41	1	1	382	1	383	0	193.9
Q8CI15	Q9NYA1	81.15	382	72	2	1	382	1	384	0	177.8
Q8CI15	Q9BZS1	24.29	354	268	105	1	382	1	431	0.0022	25.2
Q8CI15	Q99JB6	24.25	367	278	77	1	382	1	429	0.028	23.9
Q8CI15	Q9CZ30	21.53	339	266	100	1	382	1	396	1	21.4
Q8CI15	Q9NTK5	21.53	339	266	100	1	382	1	396	1.3	21.2
Q8CI15	P25963	24.67	304	229	91	1	382	1	317	1.8	20.5
Q8CI15	Q08353	25.33	300	224	96	1	382	1	314	3.2	20.0
Q8CI15	Q9Z1E3	23.78	307	234	82	1	382	1	314	3.6	19.8
Q8CI15	Q9NUL5	23.34	287	220	99	1	382	1	291	6.8	18.9
Q8CI15	P24813	19.38	356	287	79	1	382	1	409	7.1	19.4
Q8CI15	Q15628	23.28	305	234	84	1	382	1	312	9	18.6
Q8N0Z6	Q8N0Z6	100.00	440	0	0	1	440	1	440	0	236.7
Q8N0Z6	Q99LG4	90.45	440	42	0	1	440	1	440	0	218.1
Q8N0Z6	Q9R210	21.00	419	331	77	1	440	1	475	3.2e-07	28.9
Q8N0Z6	P19484	21.95	410	320	96	1	440	1	476	6.2e-07	28.7
Q8N0Z6	Q13148	20.92	392	310	70	1	440	1	414	0.00044	26.1
Q8N0Z6	P24813	19.19	396	320	57	1	440	1	409	0.0012	25.6
Q8N0Z6	P70278	23.80	374	285	85	1	440	1	393	0.0074	24.7
Q8N0Z6	Q99L48	21.62	421	330	101	1	440	1	503	0.033	24.3
Q8N0Z6	Q8C6L5	21.96	428	334	91	1	440	1	507	0.062	23.9
Q8N0Z6	Q5AJU7	21.12	412	325	115	1	440	1	499	0.079	23.8
Q8N0Z6	Q91V26	24.31	362	274	99	1	440	1	383	0.11	23.2
Q8N0Z6	Q9CZ30	19.09	372	301	92	1	440	1	396	0.13	23.2
Q8N0Z6	Q9NTK5	19.09	372	301	92	1	440	1	396	0.16	23.0
Q8N0Z6	P56477	22.95	414	319	109	1	440	1	497	0.22	23.1
Q8N0Z6	Q96D46	20.90	421	333	101	1	440	1	503	0.27	23.0
Q8N0Z6	Q13568	23.35	424	325	90	1	440	1	498	0.49	22.6
Q8N0Z6	Q9BZS1	22.92	384	296	103	1	440	1	431	0.54	22.3
Q8N0Z6	Q7M753	18.62	419	341	58	1	440	1	456	0.59	22.3
Q8N0Z6	Q99JB6	25.00	364	273	141	1	440	1	429	0.78	22.0
Q8N0Z6	Q8CI15	21.73	359	281	104	1	440	1	382	0.86	21.8
Q8N0Z6	Q9NYA1	25.28	356	266	112	1	440	1	384	1.3	21.4
Q8N0Z6	Q9BVS4	23.20	431	331	130	1	440	1	552	1.4	21.9
Q8N0Z6	Q8N884	22.59	425	329	112	1	440	1	522	4.7	20.6
Q8N0Z6	Q9UK80	24.77	428	322	149	1	440	1	565	5	20.6
Q8N0Z6	Q9CQS5	19.86	433	347	121	1	440	1	547	6.3	20.3
Q8N0Z6	Q01663	23.95	430	327	132	1	440	1	552	7	20.2
Q8N0Z6	Q9QZL6	25.17	429	321	148	1	440	1	566	8.1	20.0
Q8N0Z6	I3LM39	19.57	419	337	97	1	440	1	495	8.1	19.8
Q8N884	Q8N884	100.00	522	0	0	1	522	1	522	0	285.5
Q8N884	I3LM39	67.89	492	158	33	1	522	1	495	0	179.3
Q8N884	Q8C6L5	62.79	481	179	67	1	522	1	507	0	158.5
Q8N884	Q9UK80	26.46	480	353	127	1	522	1	565	3.9e-06	28.8
Q8N884	Q9QZL6	26.72	479	351	130	1	522	1	566	1.4e-05	28.3
Q8N884	Q01663	20.65	494	392	86	1	522	1	552	1.7e-05	28.2
Q8N884	Q9BZ23	22.00	500	390	92	1	522	1	570	2.5e-05	28.1
Q8N884	Q9EQE1	23.09	485	373	140	1	522	1	588	2.5e-05	28.2
Q8N884	Q91ZX6	24.69	482	363	146	1	522	1	588	0.00072	26.9
Q8N884	Q7M753	25.30	423	316	132	1	522	1	456	0.0023	26.0
Q8N884	Q5AJU7	22.56	461	357	99	1	522	1	499	0.0061	25.7
Q8N884	B2RYN7	24.39	488	369	127	1	522	1	581	0.0096	25.7
Q8N884	Q9BVS4	18.50	508	414	58	1	522	1	552	0.013	25.5
Q8N884	Q9HC62	22.20	491	382	129	1	522	1	589	0.023	25.3
Q8N884	Q9BWV3	21.68	475	372	86	1	522	1	514	0.027	25.0
Q8N884	Q99JB6	25.85	410	304	131	1	522	1	429	0.035	24.6
Q8N884	Q9R210	21.76	455	356	87	1	522	1	475	0.078	24.3
Q8N884	B8NNN3	20.44	499	397	108	1	522	1	584	0.1	24.5
Q8N884	Q9BZS1	24.88	410	308	133	1	522	1	431	0.29	23.4
Q8N884	Q9CQS5	19.84	499	400	71	1	522	1	547	0.33	23.7
Q8N884	P19484	21.41	453	356	92	1	522	1	476	0.51	23.2
Q8N884	Q10284	21.50	507	398	121	1	522	1	613	0.77	23.3
Q8N884	Q99L48	20.04	459	367	107	1	522	1	503	1.7	22.4
Q8N884	Q9QYY8	23.85	499	380	138	1	522	1	614	1.7	22.7
Q8N884	Q5TAQ9	23.19	483	371	153	1	522	1	597	3.5	22.0
Q8N884	G4NAY4	23.76	484	369	168	1	522	1	614	4.4	21.8
Q8N884	Q9UBP0	21.10	507	400	124	1	522	1	616	5.1	21.7
Q8N884	Q8N7N5	21.12	502	396	109	1	522	1	591	5.1	21.6
Q8N884	Q96D46	19.91	457	366	111	1	522	1	503	5.1	21.4
Q8N884	Q5U2M6	21.12	502	396	109	1	522	1	591	5.5	21.5
Q8N884	P11484	21.06	508	401	119	1	522	1	613	7.2	21.3
Q8N884	A2VDN5	21.53	511	401	114	1	522	1	614	8.2	21.2
Q8N884	G0SCU5	22.86	490	378	156	1	522	1	614	8.7	21.1
Q8N884	P24813	23.28	408	313	115	1	522	1	409	8.7	20.5
Q8NAG6	Q8NAG6	100.00	615	0	0	1	615	1	615	0	274.6
Q8NAG6	Q3LUD4	23.84	583	444	119	1	615	1	670	1.7e-07	30.2
Q8NAG6	Q91YU6	24.36	583	441	120	1	615	1	671	3e-07	30.0
Q8NAG6	Q13568	26.54	486	357	141	1	615	1	498	0.075	24.6
Q8NAG6	Q9NRA0	26.27	571	421	127	1	615	1	654	0.092	24.8
Q8NAG6	B2RYN7	23.03	534	411	128	1	615	1	581	0.24	24.1
Q8NAG6	Q9UBP0	21.48	554	435	123	1	615	1	616	0.24	24.2
Q8NAG6	P56477	26.42	477	351	158	1	615	1	497	0.24	23.9
Q8NAG6	Q9QYY8	19.93	567	454	95	1	615	1	614	0.34	23.9
Q8NAG6	A2VDN5	20.89	560	443	109	1	615	1	614	0.79	23.4
Q8NAG6	Q9QZL6	23.66	541	413	99	1	615	1	566	1.9	22.6
Q8NAG6	Q9JIA7	22.56	563	436	106	1	615	1	617	2.2	22.6
Q8NAG6	Q9UK80	23.80	521	397	138	1	615	1	565	2.3	22.4
Q8NAG6	Q01663	24.62	520	392	127	1	615	1	552	3	22.1
Q8NAG6	Q9HC62	23.46	537	411	130	1	615	1	589	4.9	21.7
Q8NAG6	Q5AJU7	23.75	480	366	154	1	615	1	499	4.9	21.5
Q8NAG6	P19484	25.00	464	348	163	1	615	1	476	7.1	21.0
Q8NAG6	Q9EQE1	23.21	530	407	143	1	615	1	588	7.8	21.2
Q8NAG6	P19880	19.37	573	462	119	1	615	1	650	9	21.2
Q8NG08	Q8NG08	100.00	1087	0	0	1	1087	1	1087	0	422.8
Q8NG08	Q6NVF4	68.36	1046	331	69	1	1087	1	1074	0	271.0
Q8NG08	P15330	21.81	926	724	234	1	1087	1	999	0.19	25.6
Q8NG08	Q6PIJ6	21.62	1022	801	231	1	1087	1	1188	0.92	24.8
Q8NG08	Q9Z207	21.54	1026	805	206	1	1087	1	1171	1.7	24.2
Q8NG08	F1LVW7	21.58	1024	803	211	1	1087	1	1172	2.2	24.0
Q8NG08	B2GUZ1	23.35	908	696	232	1	1087	1	961	4.4	23.0
Q8NG08	Q9EST3	20.76	944	748	182	1	1087	1	983	5.3	22.8
Q91V26	Q91V26	100.00	383	0	0	1	383	1	383	0	247.8
Q91V26	Q8CI15	89.27	382	41	1	1	383	1	382	0	226.6
Q91V26	Q9NYA1	78.33	383	83	1	1	383	1	384	0	204.3
Q91V26	Q9BZS1	26.30	365	269	84	1	383	1	431	1.3e-05	27.3
Q91V26	Q99JB6	24.87	374	281	64	1	383	1	429	2.5e-05	27.0
Q91V26	Q9Z1E3	27.27	297	216	103	1	383	1	314	0.96	21.1
Q91V26	P25963	26.91	301	220	98	1	383	1	317	1.2	20.9
Q91V26	Q9CZ30	21.64	342	268	95	1	383	1	396	1.3	21.2
Q91V26	Q08353	24.33	300	227	97	1	383	1	314	1.4	20.8
Q91V26	Q9NTK5	21.64	342	268	95	1	383	1	396	1.7	20.9
Q91V26	Q99LG4	25.28	360	269	103	1	383	1	440	2.9	20.6
Q91V26	Q3U0V2	23.57	297	227	99	1	383	1	310	5.8	19.2
Q91V26	Q8N0Z6	24.31	362	274	99	1	383	1	440	7	19.5
Q91V26	Q15628	22.37	304	236	87	1	383	1	312	7	19.0
Q91V26	P70278	21.41	341	268	94	1	383	1	393	8.7	19.0
Q91YA9	Q91YA9	100.00	626	0	0	1	626	1	626	0	279.4
Q91YA9	O00327	98.40	626	10	0	1	626	1	626	0	276.0
Q91YA9	Q9WTL8	97.44	625	16	8	1	626	1	632	0	271.9
Q91YA9	Q9I8T7	92.97	626	44	7	1	626	1	633	0	261.5
Q91YA9	Q01663	21.70	530	415	118	1	626	1	552	0.0048	26.2
Q91YA9	P19880	21.89	571	446	134	1	626	1	650	0.016	25.8
Q91YA9	B8NNN3	22.72	559	432	92	1	626	1	584	0.63	23.5
Q91YA9	Q8N7N5	22.51	542	420	133	1	626	1	591	0.74	23.4
Q91YA9	G0SCU5	18.54	577	470	86	1	626	1	614	1.6	22.9
Q91YA9	Q5TAQ9	20.92	545	431	133	1	626	1	597	2.6	22.4
Q91YA9	Q5U2M6	21.77	542	424	133	1	626	1	591	2.8	22.3
Q91YA9	P40150	22.26	548	426	143	1	626	1	613	6.8	21.5
Q91YA9	Q9ULX6	20.48	581	462	110	1	626	1	646	8.3	21.3
Q91YA9	P11484	22.26	548	426	143	1	626	1	613	8.8	21.2
Q91YA9	G4NAY4	18.32	584	477	72	1	626	1	614	8.8	21.2
Q91YA9	Q10284	22.26	539	419	161	1	626	1	613	9.2	21.1
Q91YU6	Q91YU6	100.00	671	0	0	1	671	1	671	0	282.1
Q91YU6	Q3LUD4	96.27	670	25	1	1	671	1	670	0	272.2
Q91YU6	Q8NAG6	24.36	583	441	120	1	671	1	615	2.2e-08	30.8
Q91YU6	A2VDN5	23.87	574	437	137	1	671	1	614	0.037	25.4
Q91YU6	Q9QYY8	23.57	577	441	131	1	671	1	614	0.1	24.8
Q91YU6	Q9QZL6	27.75	537	388	163	1	671	1	566	0.19	24.3
Q91YU6	Q9UK80	26.73	535	392	166	1	671	1	565	0.33	24.0
Q91YU6	Q9UBP0	22.22	585	455	117	1	671	1	616	0.42	23.9
Q91YU6	Q9ULX6	23.05	603	464	111	1	671	1	646	0.42	24.0
Q91YU6	Q9R0L7	22.00	600	468	113	1	671	1	642	0.59	23.8
Q91YU6	P40150	21.88	585	457	114	1	671	1	613	0.59	23.7
Q91YU6	G0SCU5	20.00	590	472	105	1	671	1	614	0.64	23.7
Q91YU6	P11484	21.82	582	455	120	1	671	1	613	0.87	23.4
Q91YU6	Q9BZ23	26.79	545	399	151	1	671	1	570	2	22.7
Q91YU6	B2RYN7	22.98	557	429	138	1	671	1	581	2.3	22.6
Q91YU6	B8NNN3	21.48	554	435	147	1	671	1	584	2.3	22.6
Q91YU6	Q9I8T7	20.75	588	466	128	1	671	1	633	3	22.5
Q91YU6	G4NAY4	19.43	592	477	101	1	671	1	614	3	22.4
Q91YU6	Q9WTL8	20.10	602	481	99	1	671	1	632	7.1	21.6
Q91YU6	Q91YA9	21.80	578	452	141	1	671	1	626	7.1	21.6
Q91YU6	Q10284	19.63	596	479	92	1	671	1	613	9	21.2
Q91ZX6	Q91ZX6	100.00	588	0	0	1	588	1	588	0	280.1
Q91ZX6	Q9EQE1	96.60	588	20	0	1	588	1	588	0	273.1
Q91ZX6	Q9HC62	88.42	587	68	3	1	588	1	589	0	251.5
Q91ZX6	I3LM39	30.07	449	314	185	1	588	1	495	0.024	25.1
Q91ZX6	Q8N884	24.27	482	365	146	1	588	1	522	0.38	23.6
Q91ZX6	Q8C6L5	24.12	481	365	133	1	588	1	507	0.45	23.4
Q91ZX6	B2RYN7	22.50	529	410	111	1	588	1	581	0.6	23.4
Q91ZX6	A2VDN5	22.20	554	431	94	1	588	1	614	1.9	22.6
Q91ZX6	Q9QYY8	21.92	543	424	116	1	588	1	614	2.1	22.6
Q91ZX6	Q9UK80	24.46	511	386	131	1	588	1	565	3.4	22.0
Q91ZX6	Q9UBP0	22.24	544	423	116	1	588	1	616	4.7	21.8
Q91ZX6	Q80WE1	21.55	543	426	95	1	588	1	593	5.3	21.6
Q91ZX6	Q9QZL6	24.41	512	387	130	1	588	1	566	5.9	21.4
Q91ZX6	Q10284	17.65	561	462	79	1	588	1	613	8.3	21.2
Q96D46	Q96D46	100.00	503	0	0	1	503	1	503	0	282.4
Q96D46	Q99L48	94.83	503	26	0	1	503	1	503	0	273.0
Q96D46	Q5AJU7	20.09	453	362	96	1	503	1	499	0.0013	26.3
Q96D46	Q99LG4	21.98	414	323	115	1	503	1	440	0.23	23.5
Q96D46	Q01663	25.22	460	344	135	1	503	1	552	0.23	23.9
Q96D46	Q8C6L5	20.52	458	364	94	1	503	1	507	0.37	23.4
Q96D46	Q9BVS4	18.83	478	388	99	1	503	1	552	0.46	23.4
Q96D46	Q9BWV3	21.32	455	358	107	1	503	1	514	0.51	23.3
Q96D46	P40150	23.82	487	371	142	1	503	1	613	0.51	23.5
Q96D46	P11484	23.82	487	371	142	1	503	1	613	0.63	23.4
Q96D46	I3LM39	18.70	460	374	78	1	503	1	495	0.7	23.0
Q96D46	Q13148	22.94	388	299	141	1	503	1	414	0.78	22.6
Q96D46	Q8N0Z6	21.19	420	331	103	1	503	1	440	0.95	22.6
Q96D46	Q9HC62	22.13	470	366	152	1	503	1	589	1	22.9
Q96D46	P24813	22.75	400	309	112	1	503	1	409	1	22.4
Q96D46	Q8N884	19.91	457	366	111	1	503	1	522	1.8	22.3
Q96D46	Q9BZS1	22.14	411	320	112	1	503	1	431	2	22.0
Q96D46	Q99JB6	21.60	412	323	108	1	503	1	429	2.2	21.9
Q96D46	Q10284	20.16	496	396	124	1	503	1	613	2.4	22.3
Q96D46	Q9CQS5	19.70	467	375	116	1	503	1	547	4.9	21.5
Q96D46	P52306	21.25	480	378	150	1	503	1	607	4.9	21.7
Q96D46	Q9EQE1	21.88	480	375	131	1	503	1	588	5.3	21.5
Q96D46	Q13568	19.86	443	355	115	1	503	1	498	5.3	21.3
Q96D46	Q91ZX6	18.74	491	399	109	1	503	1	588	5.3	21.5
Q96D46	P56477	18.96	443	359	114	1	503	1	497	5.7	21.2
Q96D46	A2VDN5	23.66	486	371	145	1	503	1	614	8.5	21.1
Q96D46	Q80WE1	23.85	478	364	140	1	503	1	593	9.6	20.9
Q99JB6	Q99JB6	100.00	429	0	0	1	429	1	429	0	219.8
Q99JB6	Q9BZS1	86.92	428	56	4	1	429	1	431	0	195.3
Q99JB6	P56477	22.55	408	316	110	1	429	1	497	0.00053	26.2
Q99JB6	Q91V26	25.20	373	279	66	1	429	1	383	0.0023	25.2
Q99JB6	Q9CZ30	21.96	378	295	69	1	429	1	396	0.0086	24.6
Q99JB6	Q9NTK5	21.58	380	298	65	1	429	1	396	0.016	24.3
Q99JB6	Q13568	23.88	402	306	123	1	429	1	498	0.021	24.5
Q99JB6	Q9NYA1	24.93	369	277	75	1	429	1	384	0.026	24.0
Q99JB6	Q8C6L5	28.50	400	286	136	1	429	1	507	0.041	24.1
Q99JB6	Q8CI15	24.12	369	280	73	1	429	1	382	0.058	23.5
Q99JB6	I3LM39	24.63	406	306	112	1	429	1	495	0.46	22.5
Q99JB6	Q8N884	25.92	409	303	133	1	429	1	522	1	22.0
Q99JB6	P70278	25.64	351	261	120	1	429	1	393	1.1	21.5
Q99JB6	Q5AJU7	23.88	402	306	124	1	429	1	499	5.1	20.3
Q99JB6	Q7M753	21.05	399	315	87	1	429	1	456	5.4	20.1
Q99LG4	Q99LG4	100.00	440	0	0	1	440	1	440	0	234.1
Q99LG4	Q8N0Z6	90.45	440	42	0	1	440	1	440	0	215.5
Q99LG4	Q9R210	19.33	419	338	77	1	440	1	475	1.6e-05	27.6
Q99LG4	P19484	21.65	411	322	94	1	440	1	476	3.5e-05	27.3
Q99LG4	P24813	21.09	384	303	81	1	440	1	409	0.00012	26.6
Q99LG4	Q13148	22.66	384	297	86	1	440	1	414	0.0028	25.2
Q99LG4	P70278	22.46	374	290	85	1	440	1	393	0.018	24.3
Q99LG4	Q99L48	22.65	415	321	113	1	440	1	503	0.05	24.1
Q99LG4	Q91V26	24.86	362	272	99	1	440	1	383	0.092	23.3
Q99LG4	Q5AJU7	23.47	409	313	121	1	440	1	499	0.13	23.5
Q99LG4	Q9CZ30	19.14	371	300	94	1	440	1	396	0.14	23.1
Q99LG4	Q9NTK5	19.14	371	300	94	1	440	1	396	0.18	22.9
Q99LG4	Q96D46	21.93	415	324	113	1	440	1	503	0.22	23.1
Q99LG4	Q9BZS1	22.67	397	307	77	1	440	1	431	0.6	22.2
Q99LG4	Q99JB6	24.07	378	287	113	1	440	1	429	0.86	21.9
Q99LG4	Q9NYA1	22.07	367	286	90	1	440	1	384	1.7	21.2
Q99LG4	Q8C6L5	21.76	432	338	83	1	440	1	507	1.7	21.6
Q99LG4	Q8CI15	22.38	362	281	98	1	440	1	382	1.7	21.2
Q99LG4	Q13568	21.31	427	336	84	1	440	1	498	1.9	21.4
Q99LG4	Q7M753	19.16	407	329	82	1	440	1	456	3.2	20.8
Q99LG4	P56477	19.20	427	345	83	1	440	1	497	3.2	20.9
Q99LG4	Q01663	23.64	423	323	146	1	440	1	552	3.9	20.9
Q99LG4	I3LM39	19.35	429	346	77	1	440	1	495	6.2	20.2
Q99LG4	Q9BVS4	21.41	439	345	114	1	440	1	552	9.6	19.7
Q9BQG0	Q9BQG0	100.00	1328	0	0	1	1328	1	1328	0	457.2
Q9BQG0	Q7TPV4	70.94	1318	383	36	1	1328	1	1344	0	329.0
Q9BQG0	O35821	70.72	1315	385	42	1	1328	1	1344	0	324.0
Q9BQG0	Q9Z301	23.20	1194	917	197	1	1328	1	1257	3.6	23.3
Q9BQG0	E1BM58	24.84	1216	914	245	1	1328	1	1349	6.1	22.7
Q9BQG0	O15534	23.75	1196	912	226	1	1328	1	1290	6.5	22.5
Q9BQG0	Q9NSV4	21.43	1143	898	235	1	1328	1	1193	7.8	22.1
Q9BQG0	Q9Z207	24.23	1098	832	303	1	1328	1	1171	7.8	22.1
Q9BVS4	Q9BVS4	100.00	552	0	0	1	552	1	552	0	310.3
Q9BVS4	Q9CQS5	83.73	547	89	5	1	552	1	547	0	261.7
Q9BVS4	Q80WE1	20.49	527	419	91	1	552	1	593	0.38	23.7
Q9BVS4	Q8N884	18.50	508	414	58	1	552	1	522	1.5	22.6
Q9BVS4	P35922	20.60	529	420	108	1	552	1	614	2	22.6
Q9BVS4	Q01663	19.96	506	405	92	1	552	1	552	2.2	22.3
Q9BVS4	Q5AJU7	21.29	479	377	93	1	552	1	499	2.9	22.0
Q9BVS4	Q9R210	20.83	456	361	115	1	552	1	475	4.7	21.4
Q9BWV3	Q9BWV3	100.00	514	0	0	1	514	1	514	0	258.7
Q9BWV3	Q9QZL6	22.06	494	385	92	1	514	1	566	0.0053	25.9
Q9BWV3	Q9UK80	22.34	488	379	103	1	514	1	565	0.0061	25.9
Q9BWV3	I3LM39	23.27	447	343	115	1	514	1	495	0.13	24.1
Q9BWV3	Q8N884	21.29	479	377	78	1	514	1	522	0.14	24.1
Q9BWV3	Q5AJU7	17.72	474	390	65	1	514	1	499	0.25	23.7
Q9BWV3	P56477	21.62	458	359	95	1	514	1	497	1.5	22.4
Q9BWV3	Q5TAQ9	23.82	487	371	137	1	514	1	597	1.9	22.5
Q9BWV3	Q8C6L5	18.30	470	384	81	1	514	1	507	1.9	22.3
Q9BWV3	Q9BVS4	18.57	490	399	86	1	514	1	552	2.4	22.2
Q9BWV3	Q5U2M6	22.79	487	376	131	1	514	1	591	2.6	22.2
Q9BWV3	Q01663	18.50	492	401	82	1	514	1	552	2.8	22.1
Q9BWV3	Q8N7N5	24.68	474	357	157	1	514	1	591	3.3	22.0
Q9BWV3	Q7M753	21.06	432	341	106	1	514	1	456	3.8	21.5
Q9BWV3	Q13568	18.71	465	378	82	1	514	1	498	4.1	21.6
Q9BWV3	Q9NTK5	25.19	385	288	140	1	514	1	396	4.1	21.2
Q9BWV3	Q96D46	22.62	451	349	115	1	514	1	503	4.1	21.6
Q9BWV3	Q9CZ30	25.19	385	288	140	1	514	1	396	4.3	21.2
Q9BWV3	P52306	21.20	500	394	121	1	514	1	607	4.7	21.7
Q9BWV3	Q9CQS5	20.34	477	380	107	1	514	1	547	4.7	21.6
Q9BWV3	Q99L48	19.87	458	367	101	1	514	1	503	5.3	21.3
Q9BWV3	Q10284	20.68	503	399	121	1	514	1	613	7.7	21.2
Q9BXM0	Q9BXM0	100.00	1461	0	0	1	1461	1	1461	0	1645.7
Q9BXM0	O55103	81.86	1389	252	74	1	1461	1	1391	0	1254.1
Q9BXM0	E1BM58	86.89	1342	176	126	1	1461	1	1349	0	1253.5
Q9BXM0	Q63425	80.30	1381	272	82	1	1461	1	1383	0	1226.9
Q9BZ23	Q9BZ23	100.00	570	0	0	1	570	1	570	0	283.0
Q9BZ23	Q7M753	91.45	456	39	114	1	570	1	456	0	195.0
Q9BZ23	Q8N884	22.20	500	389	92	1	570	1	522	0.0034	26.1
Q9BZ23	Q8C6L5	23.03	482	371	113	1	570	1	507	0.0045	26.0
Q9BZ23	Q9QZL6	21.95	524	409	88	1	570	1	566	0.24	24.0
Q9BZ23	Q9UK80	26.29	502	370	131	1	570	1	565	0.49	23.5
Q9BZ23	Q9HC62	23.31	519	398	121	1	570	1	589	0.59	23.5
Q9BZ23	Q9EQE1	20.87	527	417	104	1	570	1	588	0.59	23.5
Q9BZ23	I3LM39	22.96	479	369	107	1	570	1	495	1	22.8
Q9BZ23	B8NNN3	22.22	522	406	110	1	570	1	584	1.3	22.9
Q9BZ23	O00571	24.68	539	406	154	1	570	1	662	2.9	22.4
Q9BZ23	Q91ZX6	23.98	513	390	132	1	570	1	588	3.4	22.1
Q9BZ23	P40150	19.56	547	440	89	1	570	1	613	4.2	21.9
Q9BZ23	P11484	20.79	534	423	115	1	570	1	613	4.7	21.8
Q9BZ23	Q3LUD4	26.38	542	399	156	1	570	1	670	5.1	21.9
Q9BZ23	Q91YU6	27.68	542	392	157	1	570	1	671	5.1	21.9
Q9BZ23	P56477	22.08	471	367	125	1	570	1	497	5.1	21.4
Q9BZ23	Q62167	25.28	534	399	164	1	570	1	662	6.5	21.6
Q9BZS1	Q9BZS1	100.00	431	0	0	1	431	1	431	0	223.9
Q9BZS1	Q99JB6	86.92	428	56	4	1	431	1	429	0	198.8
Q9BZS1	Q9NYA1	28.21	351	252	113	1	431	1	384	0.0013	25.4
Q9BZS1	Q91V26	26.30	365	269	84	1	431	1	383	0.002	25.2
Q9BZS1	P56477	23.28	408	313	112	1	431	1	497	0.0046	25.2
Q9BZS1	Q8CI15	24.58	354	267	105	1	431	1	382	0.0089	24.5
Q9BZS1	Q9CZ30	22.11	380	296	67	1	431	1	396	0.024	24.0
Q9BZS1	Q9NTK5	21.47	382	300	63	1	431	1	396	0.044	23.7
Q9BZS1	Q13568	23.61	415	317	99	1	431	1	498	0.062	23.9
Q9BZS1	Q8C6L5	25.73	412	306	114	1	431	1	507	0.18	23.2
Q9BZS1	I3LM39	22.57	421	326	84	1	431	1	495	0.24	23.0
Q9BZS1	Q7M753	20.99	405	320	77	1	431	1	456	0.5	22.4
Q9BZS1	P70278	21.41	369	290	86	1	431	1	393	2.8	20.6
Q9BZS1	Q8N884	24.63	410	309	133	1	431	1	522	4.1	20.6
Q9BZS1	Q9R210	20.87	412	326	82	1	431	1	475	5.3	20.2
Q9CQS5	Q9CQS5	100.00	547	0	0	1	547	1	547	0	246.5
Q9CQS5	Q9BVS4	83.73	547	89	5	1	547	1	552	0	209.3
Q9CQS5	Q9R210	21.85	453	354	116	1	547	1	475	0.3	23.6
Q9CQS5	P19484	22.12	452	352	119	1	547	1	476	1.1	22.7
Q9CQS5	Q01663	19.02	510	413	79	1	547	1	552	3	22.0
Q9CQS5	P35922	22.39	518	402	125	1	547	1	614	3.7	22.0
Q9CQS5	Q80WE1	21.15	520	410	100	1	547	1	593	6	21.5
Q9CQS5	Q10284	22.85	512	395	136	1	547	1	613	7.4	21.3
Q9CQS5	Q8N884	19.16	501	405	67	1	547	1	522	8.3	20.9
Q9CQS5	P11484	18.69	519	422	122	1	547	1	613	9.6	21.0
Q9CQT7	Q9CQT7	100.00	168	0	0	1	168	1	168	0	135.7
Q9CQT7	Q6ICB0	97.02	168	5	0	1	168	1	168	0	132.7
Q9CQT7	Q9LPZ4	22.42	165	128	42	1	168	1	204	1.2	17.7
Q9CQT7	Q8S4Q6	20.00	165	132	40	1	168	1	202	2.1	16.9
Q9CQT7	A8MR65	21.38	159	125	51	1	168	1	201	2.1	16.8
Q9CQT7	Q9GZX7	22.64	159	123	48	1	168	1	198	5.1	14.8
Q9CQT7	Q9WVE0	24.52	155	117	56	1	168	1	198	6.7	12.7
Q9EQE1	Q9EQE1	100.00	588	0	0	1	588	1	588	0	256.8
Q9EQE1	Q91ZX6	96.60	588	20	0	1	588	1	588	0	250.4
Q9EQE1	Q9HC62	87.39	587	74	3	1	588	1	589	0	228.6
Q9EQE1	I3LM39	29.18	449	318	185	1	588	1	495	0.081	24.5
Q9EQE1	Q8N884	22.89	485	374	140	1	588	1	522	0.16	24.1
Q9EQE1	B2RYN7	23.34	527	404	115	1	588	1	581	0.26	24.0
Q9EQE1	A2VDN5	22.64	552	427	98	1	588	1	614	0.91	23.2
Q9EQE1	Q9QYY8	23.01	552	425	98	1	588	1	614	1.2	23.0
Q9EQE1	Q8C6L5	23.30	485	372	125	1	588	1	507	1.3	22.6
Q9EQE1	Q9UBP0	22.85	547	422	110	1	588	1	616	2.5	22.4
Q9EQE1	Q9UK80	24.18	517	392	119	1	588	1	565	3.4	22.0
Q9EQE1	Q9BZ23	22.22	522	406	114	1	588	1	570	4.3	21.8
Q9EQE1	Q10284	19.35	553	446	95	1	588	1	613	5.1	21.7
Q9EQE1	Q9QZL6	24.85	515	387	124	1	588	1	566	6.7	21.3
Q9EQE1	P40150	21.01	552	436	97	1	588	1	613	7.4	21.3
Q9EQE1	Q5U2M6	22.57	514	398	151	1	588	1	591	7.8	21.2
Q9EQE1	P11484	21.01	552	436	97	1	588	1	613	7.8	21.2
Q9EQE1	B8NNN3	21.63	527	413	118	1	588	1	584	9	21.0
Q9EQE1	Q5TAQ9	22.05	517	403	151	1	588	1	597	9.4	21.0
Q9EST3	Q9EST3	100.00	983	0	0	1	983	1	983	0	293.0
Q9EST3	Q9NRA8	90.22	982	96	4	1	983	1	985	0	269.4
Q9EST3	P15330	23.55	879	672	224	1	983	1	999	0.092	25.8
Q9EST3	Q13574	22.87	879	678	153	1	983	1	928	1.9	23.4
Q9EST3	Q13107	22.81	890	687	166	1	983	1	963	3.9	22.8
Q9EST3	O08560	23.42	871	667	170	1	983	1	929	4.5	22.5
Q9EST3	Q80UP3	23.43	875	670	162	1	983	1	929	8.1	21.8
Q9EST3	P78953	21.63	869	681	165	1	983	1	920	10	21.4
Q9GZX7	Q9GZX7	100.00	198	0	0	1	198	1	198	0	170.0
Q9GZX7	Q9WVE0	92.42	198	15	0	1	198	1	198	0	160.0
Q9GZX7	A8MR65	20.63	189	150	21	1	198	1	201	0.0045	22.1
Q9GZX7	Q8S4Q6	19.23	182	147	36	1	198	1	202	0.023	21.2
Q9GZX7	Q9LPZ4	19.78	182	146	38	1	198	1	204	0.79	18.4
Q9GZX7	Q9CQT7	22.64	159	123	48	1	198	1	168	4	15.5
Q9GZX7	Q6ICB0	22.64	159	123	48	1	198	1	168	4.5	15.2
Q9HC62	Q9HC62	100.00	589	0	0	1	589	1	589	0	281.6
Q9HC62	Q91ZX6	88.42	587	68	3	1	589	1	588	0	251.3
Q9HC62	Q9EQE1	87.39	587	74	3	1	589	1	588	0	249.0
Q9HC62	I3LM39	28.48	453	324	178	1	589	1	495	0.011	25.5
Q9HC62	Q8N884	21.54	492	386	127	1	589	1	522	1.8	22.4
Q9HC62	Q9BZ23	23.27	520	399	119	1	589	1	570	2.3	22.4
Q9HC62	Q9UK80	25.29	510	381	134	1	589	1	565	2.8	22.2
Q9HC62	Q10284	19.28	555	448	92	1	589	1	613	2.8	22.3
Q9HC62	A2VDN5	21.62	555	435	93	1	589	1	614	3.2	22.2
Q9HC62	Q5TAQ9	22.76	514	397	158	1	589	1	597	3.2	22.1
Q9HC62	Q8C6L5	24.74	477	359	142	1	589	1	507	4.2	21.6
Q9HC62	Q9QZL6	24.56	513	387	129	1	589	1	566	4.8	21.7
Q9HC62	B2RYN7	21.78	528	413	114	1	589	1	581	5.4	21.6
Q9HC62	Q5U2M6	21.83	513	401	154	1	589	1	591	6.4	21.4
Q9HC62	Q80WE1	21.97	537	419	108	1	589	1	593	6.8	21.3
Q9HC62	Q9UBP0	21.20	552	435	101	1	589	1	616	7.2	21.3
Q9HC62	B8NNN3	21.67	526	412	121	1	589	1	584	8	21.1
Q9HC62	Q9QYY8	21.92	552	431	99	1	589	1	614	8.4	21.1
Q9HC62	Q8NAG6	22.86	538	415	128	1	589	1	615	9.3	21.0
Q9I8T7	Q9I8T7	100.00	633	0	0	1	633	1	633	0	278.0
Q9I8T7	Q9WTL8	93.04	632	44	1	1	633	1	632	0	261.3
Q9I8T7	O00327	94.25	626	36	7	1	633	1	626	0	261.1
Q9I8T7	Q91YA9	92.97	626	44	7	1	633	1	626	0	258.2
Q9I8T7	Q01663	22.51	533	413	119	1	633	1	552	0.016	25.6
Q9I8T7	P19880	20.84	595	471	93	1	633	1	650	0.025	25.6
Q9I8T7	Q8N7N5	21.21	547	431	130	1	633	1	591	0.58	23.6
Q9I8T7	B8NNN3	21.72	557	436	103	1	633	1	584	0.87	23.3
Q9I8T7	Q5TAQ9	20.18	550	439	130	1	633	1	597	1.3	23.0
Q9I8T7	Q5U2M6	21.79	546	427	132	1	633	1	591	1.6	22.8
Q9I8T7	Q80WE1	19.03	578	468	70	1	633	1	593	6	21.6
Q9I8T7	P11484	19.96	561	449	124	1	633	1	613	6	21.6
Q9I8T7	P40150	19.04	562	455	122	1	633	1	613	6.3	21.6
Q9I8T7	Q10284	24.21	541	410	164	1	633	1	613	9	21.2
Q9I8T7	Q06787	19.08	587	475	91	1	633	1	632	9.4	21.2
Q9JIA7	Q9JIA7	100.00	617	0	0	1	617	1	617	0	270.5
Q9JIA7	Q9NRA0	83.28	616	103	39	1	617	1	654	0	225.4
Q9JIA7	P56477	25.52	482	359	150	1	617	1	497	0.36	23.6
Q9JIA7	Q8NAG6	23.17	561	431	110	1	617	1	615	0.39	23.9
Q9JIA7	Q13568	27.12	483	352	149	1	617	1	498	0.43	23.5
Q9JIA7	Q01663	25.19	516	386	137	1	617	1	552	2.2	22.4
Q9JIA7	Q8N7N5	24.81	532	400	144	1	617	1	591	2.5	22.4
Q9JIA7	G0SCU5	21.43	560	440	111	1	617	1	614	5.4	21.7
Q9JIA7	Q5TAQ9	20.18	565	451	84	1	617	1	597	6	21.5
Q9JIA7	G4NAY4	22.32	560	435	111	1	617	1	614	6.3	21.5
Q9JIA7	P40150	19.69	574	461	82	1	617	1	613	7	21.4
Q9JIA7	Q9UK80	23.12	532	409	118	1	617	1	565	7.7	21.2
Q9JIA7	Q9QZL6	23.54	531	406	121	1	617	1	566	8.1	21.1
Q9JIA7	P11484	19.86	574	460	82	1	617	1	613	8.1	21.2
Q9JIA7	Q5U2M6	21.42	551	433	106	1	617	1	591	8.4	21.1
Q9JIA7	B8NNN3	21.13	549	433	103	1	617	1	584	8.4	21.1
Q9JIA7	Q10284	21.57	561	440	108	1	617	1	613	9.7	21.0
Q9NRA0	Q9NRA0	100.00	654	0	0	1	654	1	654	0	321.8
Q9NRA0	Q9JIA7	83.28	616	103	39	1	654	1	617	0	251.3
Q9NRA0	Q8NAG6	26.44	571	420	127	1	654	1	615	5.4e-05	28.3
Q9NRA0	B8NNN3	22.16	546	425	146	1	654	1	584	0.059	25.1
Q9NRA0	Q8N7N5	23.57	560	428	125	1	654	1	591	0.14	24.6
Q9NRA0	Q01663	23.45	533	408	140	1	654	1	552	0.32	24.0
Q9NRA0	Q9UK80	27.12	531	387	157	1	654	1	565	0.52	23.7
Q9NRA0	P56477	27.18	482	351	187	1	654	1	497	0.69	23.3
Q9NRA0	Q13568	27.18	482	351	188	1	654	1	498	0.69	23.3
Q9NRA0	Q5U2M6	22.36	559	434	127	1	654	1	591	0.82	23.4
Q9NRA0	Q9QZL6	26.52	543	399	134	1	654	1	566	0.97	23.2
Q9NRA0	Q5TAQ9	21.77	565	442	121	1	654	1	597	1.7	22.9
Q9NRA0	Q9QYY8	24.42	565	427	138	1	654	1	614	3.8	22.2
Q9NRA0	Q9WTL8	22.89	581	448	124	1	654	1	632	4.3	22.1
Q9NRA0	Q91YA9	21.89	594	464	92	1	654	1	626	4.3	22.1
Q9NRA0	A2VDN5	22.56	585	453	98	1	654	1	614	5.5	21.8
Q9NRA0	O00327	22.87	586	452	108	1	654	1	626	7	21.6
Q9NRA8	Q9NRA8	100.00	985	0	0	1	985	1	985	0	400.8
Q9NRA8	Q9EST3	90.22	982	96	4	1	985	1	983	0	365.8
Q9NRA8	P15330	23.30	880	675	224	1	985	1	999	0.28	25.1
Q9NRA8	P78953	21.52	869	682	167	1	985	1	920	2.7	23.1
Q9NRA8	B2GUZ1	24.57	875	660	196	1	985	1	961	7.1	22.0
Q9NRA8	Q13107	22.22	891	693	166	1	985	1	963	8.9	21.7
Q9NSV4	Q9NSV4	100.00	1193	0	0	1	1193	1	1193	0	500.1
Q9NSV4	Q9Z207	85.13	1170	174	24	1	1193	1	1171	0	416.5
Q9NSV4	F1LVW7	84.76	1168	178	29	1	1193	1	1172	0	413.4
Q9NSV4	O35821	23.33	1123	861	291	1	1193	1	1344	2e-11	34.6
Q9NSV4	Q7TPV4	23.21	1129	867	279	1	1193	1	1344	8.1e-09	32.9
Q9NSV4	Q9BQG0	21.83	1145	895	231	1	1193	1	1328	3.2e-08	32.5
Q9NSV4	Q8NG08	22.46	1002	777	276	1	1193	1	1087	0.002	28.2
Q9NSV4	P15330	21.94	971	758	250	1	1193	1	999	0.0026	28.0
Q9NSV4	Q6NVF4	21.30	1019	802	229	1	1193	1	1074	0.022	27.0
Q9NSV4	Q9Z301	19.59	1113	895	224	1	1193	1	1257	0.12	26.3
Q9NSV4	O35973	20.55	1129	897	226	1	1193	1	1291	0.15	26.2
Q9NSV4	O15055	20.18	1090	870	268	1	1193	1	1255	0.29	25.7
Q9NSV4	Q9NRA8	22.00	941	734	296	1	1193	1	985	0.32	25.3
Q9NSV4	O54943	19.71	1111	892	228	1	1193	1	1257	0.38	25.5
Q9NSV4	Q8CHI5	20.81	1129	894	228	1	1193	1	1293	0.95	24.9
Q9NSV4	O15534	20.34	1126	897	231	1	1193	1	1290	1.2	24.6
Q9NSV4	Q63425	20.29	1163	927	250	1	1193	1	1383	1.5	24.5
Q9NSV4	E1BM58	19.83	1160	930	222	1	1193	1	1349	1.8	24.3
Q9NSV4	P46934	21.52	1106	868	300	1	1193	1	1319	1.8	24.3
Q9NSV4	O55103	20.39	1167	929	250	1	1193	1	1391	3	23.9
Q9NSV4	Q6PIJ6	20.63	1081	858	219	1	1193	1	1188	4.7	23.2
Q9NSV4	Q9EST3	22.86	936	722	304	1	1193	1	983	6	22.6
Q9NTK5	Q9NTK5	100.00	396	0	0	1	396	1	396	0	211.3
Q9NTK5	Q9CZ30	99.49	396	2	0	1	396	1	396	0	210.8
Q9NTK5	P70278	23.78	349	266	91	1	396	1	393	0.0014	25.3
Q9NTK5	Q99JB6	21.16	378	298	69	1	396	1	429	0.0014	25.4
Q9NTK5	Q9BZS1	21.96	378	295	71	1	396	1	431	0.0035	25.0
Q9NTK5	Q8CI15	21.41	341	268	96	1	396	1	382	0.5	22.0
Q9NTK5	Q9NYA1	19.72	360	289	60	1	396	1	384	0.66	21.8
Q9NTK5	Q91V26	21.64	342	268	95	1	396	1	383	1	21.4
Q9NTK5	Q99LG4	19.14	371	300	94	1	396	1	440	2.5	20.8
Q9NTK5	Q9Z1E3	21.71	304	238	102	1	396	1	314	4.4	19.7
Q9NTK5	Q9BWV3	26.63	383	281	144	1	396	1	514	4.4	20.4
Q9NTK5	Q8N0Z6	19.09	372	301	92	1	396	1	440	4.7	20.1
Q9NTK5	P24813	20.60	369	293	67	1	396	1	409	5.2	19.9
Q9NTK5	Q9R210	21.37	379	298	113	1	396	1	475	8.5	19.4
Q9NUL5	Q9NUL5	100.00	291	0	0	1	291	1	291	0	165.0
Q9NUL5	Q15628	24.72	267	201	69	1	291	1	312	2.7	18.4
Q9NUL5	P25963	27.38	263	191	82	1	291	1	317	4.6	17.5
Q9NUL5	Q3U0V2	22.46	276	214	49	1	291	1	310	4.6	17.5
Q9NUL5	Q9Z1E3	25.00	264	198	77	1	291	1	314	4.8	17.4
Q9NUL5	Q08353	22.66	278	215	49	1	291	1	314	5.3	17.2
Q9NUL5	Q8LH59	18.08	271	222	55	1	291	1	306	5.3	17.1
Q9NUL5	Q8CI15	23.00	287	221	99	1	291	1	382	9.2	15.0
Q9NUL5	Q9NYA1	21.33	286	225	103	1	291	1	384	9.6	14.4
Q9NUL5	Q91V26	22.38	286	222	102	1	291	1	383	9.8	13.9
Q9NYA1	Q9NYA1	100.00	384	0	0	1	384	1	384	0	247.2
Q9NYA1	Q8CI15	81.15	382	72	2	1	384	1	382	0	206.3
Q9NYA1	Q91V26	78.33	383	83	1	1	384	1	383	0	203.1
Q9NYA1	Q9BZS1	28.21	351	252	113	1	384	1	431	2.7e-05	27.0
Q9NYA1	Q99JB6	24.32	370	280	73	1	384	1	429	0.0039	24.9
Q9NYA1	P25963	25.49	306	228	89	1	384	1	317	0.1	22.7
Q9NYA1	Q9Z1E3	24.10	307	233	84	1	384	1	314	0.2	22.3
Q9NYA1	Q08353	23.78	307	234	84	1	384	1	314	0.57	21.5
Q9NYA1	Q3U0V2	26.55	290	213	114	1	384	1	310	1.7	20.6
Q9NYA1	Q9CZ30	20.89	359	284	62	1	384	1	396	1.9	20.9
Q9NYA1	Q9NTK5	19.78	359	288	62	1	384	1	396	1.9	20.9
Q9NYA1	P70278	22.00	350	273	77	1	384	1	393	2.4	20.6
Q9NYA1	P56477	25.87	375	278	131	1	384	1	497	3.6	20.5
Q9QYY8	Q9QYY8	100.00	614	0	0	1	614	1	614	0	256.9
Q9QYY8	Q9UBP0	92.83	614	44	2	1	614	1	616	0	237.2
Q9QYY8	A2VDN5	91.50	612	52	4	1	614	1	614	0	233.5
Q9QYY8	B2RYN7	97.59	581	14	33	1	614	1	581	0	233.2
Q9QYY8	Q9UK80	20.30	542	432	95	1	614	1	565	2	22.5
Q9QYY8	Q01663	23.53	527	403	112	1	614	1	552	2.8	22.2
Q9QYY8	Q9EQE1	23.15	553	425	96	1	614	1	588	2.9	22.2
Q9QYY8	Q8NAG6	19.93	567	454	95	1	614	1	615	4	22.0
Q9QYY8	Q9QZL6	20.48	542	431	96	1	614	1	566	4.2	21.8
Q9QYY8	Q3LUD4	24.09	577	438	130	1	614	1	670	4.2	22.1
Q9QYY8	Q91YU6	25.26	574	429	137	1	614	1	671	5	21.9
Q9QYY8	Q91ZX6	21.92	543	424	116	1	614	1	588	6.5	21.4
Q9QZL6	Q9QZL6	100.00	566	0	0	1	566	1	566	0	304.1
Q9QZL6	Q9UK80	96.64	565	19	1	1	566	1	565	0	293.9
Q9QZL6	Q8N884	26.14	482	356	124	1	566	1	522	1.7e-05	28.2
Q9QZL6	I3LM39	23.52	472	361	117	1	566	1	495	0.00011	27.5
Q9QZL6	Q13568	26.36	459	338	146	1	566	1	498	0.00033	27.1
Q9QZL6	Q9BWV3	22.54	488	378	104	1	566	1	514	0.00046	27.0
Q9QZL6	B2RYN7	21.29	526	414	95	1	566	1	581	0.0015	26.6
Q9QZL6	Q9QYY8	20.33	541	431	98	1	566	1	614	0.0051	26.2
Q9QZL6	Q9BZ23	21.95	524	409	88	1	566	1	570	0.0092	25.8
Q9QZL6	A2VDN5	22.85	534	412	112	1	566	1	614	0.012	25.8
Q9QZL6	Q91YU6	27.37	537	390	163	1	566	1	671	0.021	25.6
Q9QZL6	Q9UBP0	21.27	536	422	110	1	566	1	616	0.042	25.1
Q9QZL6	B8NNN3	24.65	507	382	136	1	566	1	584	0.042	25.1
Q9QZL6	Q8C6L5	21.55	478	375	117	1	566	1	507	0.089	24.4
Q9QZL6	Q8NAG6	23.48	541	414	99	1	566	1	615	0.089	24.7
Q9QZL6	Q9EQE1	24.13	518	393	118	1	566	1	588	0.089	24.6
Q9QZL6	Q3LUD4	26.44	537	395	162	1	566	1	670	0.11	24.7
Q9QZL6	Q91ZX6	23.50	515	394	124	1	566	1	588	0.13	24.4
Q9QZL6	Q9HC62	24.56	513	387	129	1	566	1	589	0.13	24.4
Q9QZL6	P19484	24.11	448	340	146	1	566	1	476	0.32	23.6
Q9QZL6	Q9R210	21.41	467	367	107	1	566	1	475	0.35	23.5
Q9QZL6	Q01663	19.49	513	413	92	1	566	1	552	0.59	23.4
Q9QZL6	P56477	25.87	460	341	143	1	566	1	497	0.72	23.1
Q9QZL6	Q10284	18.75	544	442	91	1	566	1	613	1.6	22.8
Q9QZL6	Q9BZS1	27.75	418	302	161	1	566	1	431	3.6	21.5
Q9QZL6	Q99JB6	27.08	421	307	153	1	566	1	429	4.2	21.4
Q9QZL6	Q9NRA0	25.87	545	404	130	1	566	1	654	4.5	21.9
Q9QZL6	Q5AJU7	23.32	476	365	113	1	566	1	499	5.2	21.4
Q9QZL6	Q7M753	23.95	451	343	120	1	566	1	456	5.9	21.1
Q9QZL6	Q9CQS5	22.36	501	389	111	1	566	1	547	6.7	21.3
Q9QZL6	Q9JIA7	23.54	531	406	121	1	566	1	617	7.2	21.4
Q9R0L7	Q9R0L7	100.00	642	0	0	1	642	1	642	0	257.5
Q9R0L7	Q9ULX6	93.60	641	41	6	1	642	1	646	0	240.6
Q9R0L7	Q3LUD4	21.38	608	478	96	1	642	1	670	1.2	23.3
Q9R0L7	P19880	20.44	592	471	108	1	642	1	650	2.4	22.7
Q9R0L7	Q01663	21.93	538	420	118	1	642	1	552	2.5	22.4
Q9R0L7	Q91YU6	21.16	605	477	103	1	642	1	671	3	22.5
Q9R0L7	Q9UBP0	20.17	580	463	98	1	642	1	616	3.4	22.3
Q9R0L7	Q9WTL8	19.61	571	459	132	1	642	1	632	5.4	21.9
Q9R0L7	Q5TAQ9	21.62	555	435	129	1	642	1	597	5.7	21.7
Q9R0L7	P35922	18.75	576	468	104	1	642	1	614	6.9	21.5
Q9R0L7	Q91YA9	20.46	567	451	134	1	642	1	626	7.5	21.5
Q9R0L7	Q62167	20.90	598	473	108	1	642	1	662	8.6	21.4
Q9R0L7	B8NNN3	19.57	557	448	112	1	642	1	584	9.4	21.1
Q9R0L7	A2VDN5	18.99	574	465	108	1	642	1	614	9.8	21.1
Q9R0L7	Q5U2M6	20.86	556	440	121	1	642	1	591	9.8	21.1
Q9R210	Q9R210	100.00	475	0	0	1	475	1	475	0	238.9
Q9R210	P19484	93.68	475	30	1	1	475	1	476	0	225.7
Q9R210	Q8N0Z6	20.95	420	332	75	1	475	1	440	1.9e-06	28.5
Q9R210	Q99LG4	19.33	419	338	77	1	475	1	440	7.4e-06	28.0
Q9R210	Q9CQS5	21.85	453	354	116	1	475	1	547	3.2e-05	27.8
Q9R210	Q01663	23.35	454	348	119	1	475	1	552	0.00015	27.2
Q9R210	Q5AJU7	21.22	443	349	88	1	475	1	499	0.0012	26.2
Q9R210	Q13568	20.67	445	353	83	1	475	1	498	0.0016	26.1
Q9R210	P56477	19.56	450	362	72	1	475	1	497	0.0022	26.0
Q9R210	P70278	21.93	383	299	102	1	475	1	393	0.0038	25.4
Q9R210	Q9BVS4	20.79	457	362	113	1	475	1	552	0.0067	25.6
Q9R210	Q8N884	22.74	453	350	91	1	475	1	522	0.0067	25.5
Q9R210	I3LM39	21.87	439	343	92	1	475	1	495	0.01	25.2
Q9R210	B8NNN3	22.58	465	360	129	1	475	1	584	0.01	25.5
Q9R210	P24813	17.57	404	333	76	1	475	1	409	0.019	24.6
Q9R210	Q9UK80	21.60	463	363	114	1	475	1	565	0.032	24.9
Q9R210	Q9QZL6	21.55	464	364	113	1	475	1	566	0.041	24.7
Q9R210	Q9BZS1	21.46	410	322	86	1	475	1	431	0.052	24.2
Q9R210	Q8C6L5	20.13	457	365	68	1	475	1	507	0.41	23.2
Q9R210	B2RYN7	26.02	442	327	172	1	475	1	581	0.49	23.3
Q9R210	Q8NAG6	24.68	462	348	166	1	475	1	615	0.49	23.3
Q9R210	Q13148	16.95	407	338	75	1	475	1	414	0.54	22.7
Q9R210	Q9CZ30	22.63	380	294	111	1	475	1	396	0.65	22.5
Q9R210	Q9NTK5	21.90	379	296	113	1	475	1	396	0.78	22.4
Q9R210	Q99JB6	21.00	400	316	104	1	475	1	429	1.5	22.0
Q9R210	Q9QYY8	27.56	450	326	189	1	475	1	614	1.7	22.4
Q9R210	Q80WE1	22.93	458	353	152	1	475	1	593	2.1	22.2
Q9R210	Q96D46	17.53	462	381	54	1	475	1	503	4.5	21.2
Q9R210	Q9UBP0	26.81	455	333	181	1	475	1	616	4.5	21.5
Q9R210	Q9BWV3	21.09	441	348	107	1	475	1	514	5.5	21.1
Q9R210	P40150	22.72	471	364	146	1	475	1	613	5.8	21.3
Q9R210	A2VDN5	23.50	468	358	153	1	475	1	614	6.5	21.1
Q9R210	Q7M753	18.69	428	348	75	1	475	1	456	8.2	20.4
Q9R210	Q9HC62	20.65	465	369	134	1	475	1	589	8.7	20.7
Q9R210	P11484	22.72	471	364	146	1	475	1	613	8.7	20.8
Q9UBP0	Q9UBP0	100.00	616	0	0	1	616	1	616	0	286.7
Q9UBP0	A2VDN5	94.46	614	34	2	1	616	1	614	0	270.9
Q9UBP0	Q9QYY8	92.83	614	44	2	1	616	1	614	0	262.3
Q9UBP0	B2RYN7	94.32	581	33	35	1	616	1	581	0	248.2
Q9UBP0	Q9ULX6	22.18	577	449	108	1	616	1	646	1	23.3
Q9UBP0	Q8NAG6	21.26	555	437	121	1	616	1	615	1.7	22.8
Q9UBP0	Q9EQE1	22.85	547	422	110	1	616	1	588	3.2	22.2
Q9UBP0	Q9QZL6	21.46	536	421	110	1	616	1	566	6.4	21.4
Q9UBP0	Q9UK80	20.59	539	428	103	1	616	1	565	6.8	21.3
Q9UBP0	Q91YU6	23.71	582	444	123	1	616	1	671	8	21.4
Q9UBP0	Q3LUD4	21.56	589	462	108	1	616	1	670	8.4	21.3
Q9UBP0	Q91ZX6	22.45	539	418	126	1	616	1	588	8.4	21.1
Q9UBP0	Q06787	20.56	569	452	110	1	616	1	632	8.9	21.2
Q9UK80	Q9UK80	100.00	565	0	0	1	565	1	565	0	282.9
Q9UK80	Q9QZL6	96.64	565	19	1	1	565	1	566	0	274.1
Q9UK80	Q8N884	25.88	483	358	121	1	565	1	522	0.00011	27.6
Q9UK80	Q13568	26.30	460	339	143	1	565	1	498	0.0014	26.5
Q9UK80	Q9BWV3	22.95	488	376	103	1	565	1	514	0.0051	25.9
Q9UK80	I3LM39	22.62	473	366	114	1	565	1	495	0.0067	25.7
Q9UK80	Q9QYY8	20.11	542	433	95	1	565	1	614	0.0067	26.0
Q9UK80	B2RYN7	20.87	527	417	92	1	565	1	581	0.032	25.2
Q9UK80	A2VDN5	22.47	534	414	111	1	565	1	614	0.052	25.0
Q9UK80	Q9EQE1	24.18	517	392	119	1	565	1	588	0.093	24.6
Q9UK80	Q9BZ23	25.84	503	373	129	1	565	1	570	0.12	24.4
Q9UK80	Q91ZX6	22.63	517	400	119	1	565	1	588	0.18	24.2
Q9UK80	Q9UBP0	20.41	539	429	103	1	565	1	616	0.2	24.2
Q9UK80	Q9HC62	25.29	510	381	134	1	565	1	589	0.2	24.2
Q9UK80	Q91YU6	25.98	535	396	166	1	565	1	671	0.2	24.4
Q9UK80	Q3LUD4	25.79	535	397	165	1	565	1	670	0.41	23.9
Q9UK80	B8NNN3	23.88	515	392	119	1	565	1	584	0.41	23.7
Q9UK80	Q8NAG6	24.04	520	395	140	1	565	1	615	0.45	23.7
Q9UK80	P56477	26.20	458	338	146	1	565	1	497	0.71	23.1
Q9UK80	Q8C6L5	22.88	472	364	128	1	565	1	507	0.78	23.0
Q9UK80	Q9R210	21.17	463	365	114	1	565	1	475	0.85	22.9
Q9UK80	P19484	20.85	470	372	101	1	565	1	476	3.3	21.8
Q9UK80	Q01663	19.42	515	415	87	1	565	1	552	3.8	21.9
Q9UK80	Q10284	20.90	536	424	106	1	565	1	613	4	22.0
Q9UK80	Q9NRA0	26.69	532	390	155	1	565	1	654	5.2	21.8
Q9UK80	Q5AJU7	23.28	481	369	102	1	565	1	499	5.9	21.3
Q9UK80	Q9CQS5	23.05	499	384	114	1	565	1	547	6.3	21.3
Q9UK80	Q99JB6	26.78	422	309	150	1	565	1	429	7.5	20.8
Q9ULX6	Q9ULX6	100.00	646	0	0	1	646	1	646	0	286.9
Q9ULX6	Q9R0L7	93.60	641	41	6	1	646	1	642	0	267.0
Q9ULX6	Q9UBP0	22.05	576	449	110	1	646	1	616	0.1	24.8
Q9ULX6	A2VDN5	21.47	573	450	114	1	646	1	614	0.74	23.5
Q9ULX6	Q3LUD4	22.68	604	467	108	1	646	1	670	0.8	23.6
Q9ULX6	B2RYN7	23.13	549	422	129	1	646	1	581	0.87	23.3
Q9ULX6	Q91YU6	23.05	603	464	111	1	646	1	671	1.4	23.2
Q9ULX6	P35922	19.73	588	472	84	1	646	1	614	1.6	22.9
Q9ULX6	Q91YA9	20.48	581	462	110	1	646	1	626	2.3	22.7
Q9ULX6	B8NNN3	23.38	539	413	152	1	646	1	584	2.6	22.5
Q9ULX6	O00327	21.29	573	451	126	1	646	1	626	3.1	22.4
Q9ULX6	Q9QYY8	20.42	578	460	104	1	646	1	614	3.1	22.4
Q9ULX6	P19880	20.79	582	461	132	1	646	1	650	3.8	22.3
Q9ULX6	Q80WE1	19.51	569	458	101	1	646	1	593	4.3	22.0
Q9ULX6	Q62167	20.98	591	467	126	1	646	1	662	4.5	22.1
Q9ULX6	Q9WTL8	18.85	589	478	100	1	646	1	632	4.8	22.0
Q9ULX6	Q01663	21.35	534	420	130	1	646	1	552	7	21.4
Q9ULX6	O00571	20.99	605	478	98	1	646	1	662	7.8	21.5
Q9ULX6	Q9I8T7	21.99	573	447	133	1	646	1	633	8.2	21.4
Q9ULX6	Q06787	19.33	595	480	88	1	646	1	632	8.2	21.4
Q9ULX6	Q5TAQ9	22.42	553	429	137	1	646	1	597	9.9	21.1
Q9WTL8	Q9WTL8	100.00	632	0	0	1	632	1	632	0	321.6
Q9WTL8	O00327	98.40	625	10	8	1	632	1	626	0	311.4
Q9WTL8	Q91YA9	97.44	625	16	8	1	632	1	626	0	309.0
Q9WTL8	Q9I8T7	93.04	632	44	1	1	632	1	633	0	300.7
Q9WTL8	Q01663	22.18	532	414	120	1	632	1	552	0.0013	26.8
Q9WTL8	Q8N7N5	22.12	547	426	129	1	632	1	591	0.031	25.4
Q9WTL8	P19880	21.95	574	448	134	1	632	1	650	0.058	25.2
Q9WTL8	Q5TAQ9	22.00	550	429	129	1	632	1	597	0.21	24.3
Q9WTL8	Q5U2M6	21.53	548	430	127	1	632	1	591	0.23	24.2
Q9WTL8	B8NNN3	23.30	558	428	100	1	632	1	584	0.93	23.2
Q9WTL8	P40150	22.32	551	428	143	1	632	1	613	1.3	23.0
Q9WTL8	Q10284	21.82	550	430	145	1	632	1	613	1.7	22.8
Q9WTL8	P11484	22.32	551	428	143	1	632	1	613	2	22.7
Q9WTL8	Q80WE1	20.60	563	447	99	1	632	1	593	4.2	21.9
Q9WTL8	G0SCU5	18.99	574	465	98	1	632	1	614	4.5	21.9
Q9WTL8	Q06787	20.41	588	468	88	1	632	1	632	6.7	21.6
Q9WTL8	Q9R0L7	20.56	574	456	126	1	632	1	642	8.4	21.3
Q9WTL8	G4NAY4	18.56	582	474	82	1	632	1	614	9.4	21.1
Q9WTZ9	Q9WTZ9	100.00	124	0	0	1	124	1	124	0	93.9
Q9WTZ9	Q00994	92.79	111	8	13	1	124	1	111	1e-262	78.7
Q9WVE0	Q9WVE0	100.00	198	0	0	1	198	1	198	0	163.2
Q9WVE0	Q9GZX7	92.42	198	15	0	1	198	1	198	0	151.9
Q9WVE0	A8MR65	20.11	189	151	21	1	198	1	201	0.0067	21.9
Q9WVE0	Q8S4Q6	18.13	182	149	36	1	198	1	202	0.035	20.9
Q9WVE0	Q9LPZ4	22.10	181	141	40	1	198	1	204	0.4	19.1
Q9WVE0	Q6ICB0	21.66	157	123	52	1	198	1	168	5.7	14.2
Q9WVE0	Q9CQT7	24.52	155	117	56	1	198	1	168	5.9	14.0
Q9Z1E3	Q9Z1E3	100.00	314	0	0	1	314	1	314	0	197.8
Q9Z1E3	Q08353	92.68	314	23	0	1	314	1	314	0	183.8
Q9Z1E3	P25963	92.04	314	25	3	1	314	1	317	0	181.9
Q9Z1E3	Q3U0V2	24.82	274	206	76	1	314	1	310	0.49	20.8
Q9Z1E3	Q15628	26.09	276	204	74	1	314	1	312	1.2	20.0
Q9Z1E3	Q9NYA1	24.10	307	233	84	1	314	1	384	4.2	18.8
Q9Z1E3	Q9NUL5	25.86	263	195	79	1	314	1	291	4.9	18.1
Q9Z1E3	Q91V26	26.60	297	218	103	1	314	1	383	9.3	17.2
Q9Z1E3	P24813	24.51	306	231	111	1	314	1	409	9.3	17.2
Q9Z1E3	P70278	24.43	307	232	93	1	314	1	393	9.5	17.1
Q9Z207	Q9Z207	100.00	1171	0	0	1	1171	1	1171	0	542.9
Q9Z207	F1LVW7	93.94	1171	71	1	1	1171	1	1172	0	514.3
Q9Z207	Q9NSV4	85.13	1170	174	24	1	1171	1	1193	0	461.7
Q9Z207	O35821	21.82	1118	874	279	1	1171	1	1344	7.1e-17	37.5
Q9Z207	Q7TPV4	22.29	1126	875	263	1	1171	1	1344	3.3e-13	35.6
Q9Z207	Q9BQG0	23.93	1099	836	301	1	1171	1	1328	4.1e-08	32.4
Q9Z207	Q8NG08	21.62	1022	801	214	1	1171	1	1087	1.9e-06	30.9
Q9Z207	Q6NVF4	20.54	998	793	249	1	1171	1	1074	0.048	26.6
Q9Z207	Q9NRA8	21.45	951	747	254	1	1171	1	985	0.048	26.5
Q9Z207	Q8BMI0	19.95	1098	879	169	1	1171	1	1194	0.14	26.1
Q9Z207	P15330	20.00	960	768	250	1	1171	1	999	0.19	25.7
Q9Z207	Q6PIJ6	20.91	1095	866	169	1	1171	1	1188	0.24	25.8
Q9Z207	O15055	20.52	1082	860	262	1	1171	1	1255	0.97	24.8
Q9Z207	O54943	20.87	1121	887	186	1	1171	1	1257	1.2	24.6
Q9Z207	Q9EST3	21.03	956	755	242	1	1171	1	983	3.2	23.4
Q9Z207	E1BM58	22.11	1140	888	240	1	1171	1	1349	6.4	23.0
Q9Z207	Q9Z301	17.85	1098	902	232	1	1171	1	1257	6.7	22.9
Q9Z301	Q9Z301	100.00	1257	0	0	1	1257	1	1257	0	425.5
Q9Z301	O54943	95.31	1257	59	0	1	1257	1	1257	0	406.9
Q9Z301	O15055	79.71	1237	251	38	1	1257	1	1255	0	336.4
Q9Z301	O35973	52.19	1163	556	222	1	1257	1	1291	0	171.7
Q9Z301	Q8CHI5	51.81	1162	560	226	1	1257	1	1293	0	171.5
Q9Z301	O15534	51.90	1160	558	227	1	1257	1	1290	0	170.4
Q9Z301	Q9BQG0	22.72	1193	922	199	1	1257	1	1328	8.9	22.3
F1LVW7	F1LVW7	100.00	1172	0	0	1	1172	1	1172	0	522.9
F1LVW7	Q9Z207	93.94	1171	71	1	1	1172	1	1171	0	495.1
F1LVW7	Q9NSV4	84.76	1168	178	29	1	1172	1	1193	0	441.2
F1LVW7	O35821	23.38	1112	852	292	1	1172	1	1344	2.5e-15	36.7
F1LVW7	Q7TPV4	21.49	1126	884	264	1	1172	1	1344	6.2e-09	33.0
F1LVW7	Q9BQG0	23.14	1102	847	296	1	1172	1	1328	3e-05	30.2
F1LVW7	Q8NG08	21.48	1024	804	211	1	1172	1	1087	4.1e-05	29.8
F1LVW7	O15055	21.38	1099	864	229	1	1172	1	1255	0.013	27.5
F1LVW7	Q6NVF4	20.64	998	792	250	1	1172	1	1074	0.089	26.2
F1LVW7	O54943	20.31	1088	867	253	1	1172	1	1257	0.24	25.8
F1LVW7	P15330	20.21	970	774	231	1	1172	1	999	0.49	25.0
F1LVW7	Q6PIJ6	20.72	1081	857	198	1	1172	1	1188	0.74	24.9
F1LVW7	Q8BMI0	20.35	1086	865	194	1	1172	1	1194	0.94	24.8
F1LVW7	Q9Z301	18.55	1116	909	197	1	1172	1	1257	1.2	24.7
F1LVW7	Q9NRA8	21.95	943	736	271	1	1172	1	985	3.8	23.2
F1LVW7	Q9EST3	22.64	932	721	291	1	1172	1	983	10	21.9
P97783	P97783	100.00	90	0	0	1	90	1	90	5.1e-289	81.1
P97783	Q5M971	86.67	90	12	0	1	90	1	90	3e-239	75.0
P97783	Q13015	87.64	89	11	2	1	90	1	90	3e-200	69.7
P97783	Q00994	20.93	86	68	29	1	90	1	111	4	9.9
Q8N7N5	Q8N7N5	100.00	591	0	0	1	591	1	591	0	277.7
Q8N7N5	Q5U2M6	98.47	590	9	2	1	591	1	591	0	272.2
Q8N7N5	Q5TAQ9	96.78	590	19	8	1	591	1	597	0	267.3
Q8N7N5	B8NNN3	21.52	539	423	97	1	591	1	584	0.0037	26.3
Q8N7N5	Q9WTL8	22.34	546	424	131	1	591	1	632	0.028	25.4
Q8N7N5	Q01663	20.35	521	415	101	1	591	1	552	0.056	24.8
Q8N7N5	O00327	22.43	544	422	129	1	591	1	626	0.07	24.9
Q8N7N5	Q9I8T7	21.59	542	425	140	1	591	1	633	0.078	24.8
Q8N7N5	Q91YA9	22.51	542	420	133	1	591	1	626	0.16	24.4
Q8N7N5	I3LM39	21.67	480	376	126	1	591	1	495	0.36	23.6
Q8N7N5	P40150	21.25	560	441	84	1	591	1	613	0.86	23.3
Q8N7N5	P11484	21.07	560	442	84	1	591	1	613	1.2	23.0
Q8N7N5	G4NAY4	22.52	555	430	95	1	591	1	614	2	22.6
Q8N7N5	G0SCU5	22.81	548	423	109	1	591	1	614	2.5	22.4
Q8N7N5	P19880	19.65	565	454	111	1	591	1	650	3.1	22.3
Q8N7N5	Q8C6L5	22.93	484	373	130	1	591	1	507	4.3	21.6
Q8N7N5	Q62167	21.65	568	445	117	1	591	1	662	4.8	21.9
Q8N7N5	O00571	22.64	561	434	131	1	591	1	662	5.8	21.7
Q8N7N5	Q9HC62	22.42	513	398	154	1	591	1	589	8	21.2
Q8N7N5	Q9NRA0	23.39	560	429	125	1	591	1	654	8.8	21.2
Q8N7N5	Q10284	18.60	559	455	86	1	591	1	613	9.3	21.0
Q8N7N5	Q9EQE1	22.50	511	396	157	1	591	1	588	9.8	20.9
Q9CZ30	Q9CZ30	100.00	396	0	0	1	396	1	396	0	225.7
Q9CZ30	Q9NTK5	99.49	396	2	0	1	396	1	396	0	225.1
Q9CZ30	Q99JB6	21.43	378	297	69	1	396	1	429	0.00025	26.2
Q9CZ30	P70278	23.78	349	266	91	1	396	1	393	0.00071	25.6
Q9CZ30	Q9BZS1	21.96	378	295	71	1	396	1	431	0.00071	25.7
Q9CZ30	Q8CI15	21.41	341	268	96	1	396	1	382	0.31	22.3
Q9CZ30	Q9NYA1	20.83	360	285	60	1	396	1	384	0.57	21.9
Q9CZ30	Q91V26	21.64	342	268	95	1	396	1	383	0.69	21.7
Q9CZ30	Q99LG4	19.14	371	300	94	1	396	1	440	2.1	21.0
Q9CZ30	P24813	20.87	369	292	67	1	396	1	409	3.7	20.3
Q9CZ30	Q8N0Z6	19.09	372	301	92	1	396	1	440	4.2	20.2
Q9CZ30	Q9Z1E3	21.71	304	238	102	1	396	1	314	4.5	19.7
Q9CZ30	Q9BWV3	26.63	383	281	144	1	396	1	514	4.7	20.3
Q9CZ30	Q9R210	22.11	380	296	111	1	396	1	475	8.2	19.5
E1BM58	E1BM58	100.00	1349	0	0	1	1349	1	1349	0	5159.0
E1BM58	Q9BXM0	86.89	1342	176	126	1	1349	1	1461	0	4237.0
E1BM58	O55103	79.24	1315	273	110	1	1349	1	1391	0	3778.2
E1BM58	Q63425	77.16	1322	302	88	1	1349	1	1383	0	3776.4
Q5M971	Q5M971	100.00	90	0	0	1	90	1	90	9.4e-258	77.3
Q5M971	P97783	86.67	90	12	0	1	90	1	90	5.7e-216	71.9
Q5M971	Q13015	84.27	89	14	2	1	90	1	90	8.5e-168	65.0
Q5M971	Q00994	22.73	88	68	25	1	90	1	111	4	9.8
Q5U2M6	Q5U2M6	100.00	591	0	0	1	591	1	591	0	277.3
Q5U2M6	Q8N7N5	98.47	590	9	2	1	591	1	591	0	272.2
Q5U2M6	Q5TAQ9	97.97	591	12	6	1	591	1	597	0	270.7
Q5U2M6	Q01663	20.54	516	410	111	1	591	1	552	0.03	25.2
Q5U2M6	B8NNN3	21.52	539	423	97	1	591	1	584	0.034	25.2
Q5U2M6	Q9WTL8	22.34	546	424	131	1	591	1	632	0.41	23.8
Q5U2M6	Q9I8T7	21.88	544	425	136	1	591	1	633	0.64	23.5
Q5U2M6	O00327	22.32	542	421	133	1	591	1	626	0.98	23.2
Q5U2M6	Q91YA9	22.41	540	419	137	1	591	1	626	1.7	22.8
Q5U2M6	I3LM39	21.92	479	374	128	1	591	1	495	2	22.3
Q5U2M6	P40150	20.75	559	443	86	1	591	1	613	2.3	22.5
Q5U2M6	P11484	20.36	560	446	84	1	591	1	613	3	22.2
Q5U2M6	P19880	19.86	564	452	113	1	591	1	650	3.7	22.1
Q5U2M6	G4NAY4	21.13	549	433	107	1	591	1	614	4.4	21.9
Q5U2M6	G0SCU5	22.35	537	417	131	1	591	1	614	5.3	21.7
Q5U2M6	Q9EQE1	23.29	511	392	157	1	591	1	588	5.3	21.6
Q5U2M6	Q8C6L5	23.60	483	369	132	1	591	1	507	5.3	21.4
Q5U2M6	Q9HC62	23.09	511	393	158	1	591	1	589	7	21.3
Q5U2M6	Q10284	19.75	557	447	90	1	591	1	613	8.7	21.1
Q99L48	Q99L48	100.00	503	0	0	1	503	1	503	0	256.9
Q99L48	Q96D46	94.83	503	26	0	1	503	1	503	0	248.9
Q99L48	Q5AJU7	19.21	453	366	96	1	503	1	499	0.02	25.1
Q99L48	P40150	25.05	487	365	142	1	503	1	613	0.063	24.8
Q99L48	Q99LG4	22.95	414	319	115	1	503	1	440	0.1	24.0
Q99L48	P11484	24.85	487	366	142	1	503	1	613	0.13	24.4
Q99L48	Q8N0Z6	22.43	419	325	105	1	503	1	440	0.24	23.5
Q99L48	Q01663	18.48	487	397	81	1	503	1	552	0.55	23.3
Q99L48	Q9CQS5	19.79	475	381	100	1	503	1	547	0.55	23.3
Q99L48	I3LM39	20.09	453	362	92	1	503	1	495	0.73	22.9
Q99L48	P52306	22.38	478	371	154	1	503	1	607	0.73	23.2
Q99L48	Q8N884	20.04	459	367	107	1	503	1	522	0.73	23.0
Q99L48	Q9BVS4	19.54	481	387	93	1	503	1	552	0.8	23.0
Q99L48	Q80WE1	22.90	476	367	144	1	503	1	593	1	22.9
Q99L48	Q9BWV3	18.66	461	375	95	1	503	1	514	1.1	22.7
Q99L48	Q10284	21.71	479	375	158	1	503	1	613	1.5	22.7
Q99L48	P24813	21.30	399	314	114	1	503	1	409	2.2	21.8
Q99L48	G0SCU5	23.37	492	377	133	1	503	1	614	2.6	22.3
Q99L48	Q9HC62	21.87	471	368	150	1	503	1	589	3	22.1
Q99L48	Q13568	21.58	431	338	139	1	503	1	498	5.6	21.2
Q99L48	P56477	19.64	448	360	104	1	503	1	497	6.4	21.1
Q99L48	G4NAY4	25.68	475	353	167	1	503	1	614	6.4	21.4
Q99L48	Q99JB6	19.76	420	337	92	1	503	1	429	7.2	20.8
Q99L48	Q9NTK5	22.34	385	299	129	1	503	1	396	7.7	20.6
Q99L48	Q8C6L5	18.36	463	378	84	1	503	1	507	7.7	20.9
Q99L48	Q06787	22.61	482	373	171	1	503	1	632	8.1	21.2
Q99L48	Q91ZX6	18.33	491	401	109	1	503	1	588	8.1	21.1
Q99L48	Q9BZS1	21.60	412	323	110	1	503	1	431	8.1	20.6
Q99L48	Q9CZ30	22.34	385	299	129	1	503	1	396	9.1	20.4
Q99L48	P35922	22.76	479	370	159	1	503	1	614	9.6	20.9
P11484	P11484	100.00	613	0	0	1	613	1	613	0	260.2
P11484	P40150	99.35	613	4	0	1	613	1	613	0	258.6
P11484	G0SCU5	75.37	613	151	1	1	613	1	614	0	209.3
P11484	G4NAY4	73.08	613	165	1	1	613	1	614	0	204.2
P11484	Q10284	70.05	611	183	4	1	613	1	613	0	193.1
P19880	P19880	100.00	650	0	0	1	650	1	650	0	331.8
P19880	Q5AJU7	39.47	494	299	161	1	650	1	499	8.1e-182	72.6
P19880	Q01663	34.62	520	340	162	1	650	1	552	3.2e-99	58.7
P19880	B8NNN3	36.98	484	305	266	1	650	1	584	8.7e-26	39.4
P19880	Q9I8T7	20.61	592	470	99	1	650	1	633	0.022	25.7
P19880	Q91YA9	21.89	571	446	134	1	650	1	626	0.025	25.6
P19880	O00327	20.41	583	464	110	1	650	1	626	0.3	24.2
P19880	Q9WTL8	22.13	574	447	134	1	650	1	632	0.63	23.7
P19880	Q5TAQ9	22.50	551	427	145	1	650	1	597	1.9	22.8
P19880	P40150	20.31	581	463	101	1	650	1	613	8.1	21.4
P24813	P24813	100.00	409	0	0	1	409	1	409	0	187.2
P24813	Q5AJU7	31.39	395	271	118	1	409	1	499	6.2e-32	40.6
P24813	Q99LG4	21.67	383	300	83	1	409	1	440	3.4	20.5
P24813	P70278	20.43	372	296	58	1	409	1	393	4.6	20.0
P24813	Q08353	24.03	308	234	107	1	409	1	314	6.2	19.3
P24813	Q7M753	19.49	390	314	85	1	409	1	456	9.3	19.2
P40150	P40150	100.00	613	0	0	1	613	1	613	0	287.8
P40150	P11484	99.35	613	4	0	1	613	1	613	0	286.6
P40150	G0SCU5	75.53	613	150	1	1	613	1	614	0	231.8
P40150	G4NAY4	73.25	613	164	1	1	613	1	614	0	225.9
P40150	Q10284	70.05	611	183	4	1	613	1	613	0	213.6
P78953	P78953	100.00	920	0	0	1	920	1	920	0	325.5
Q01663	Q01663	100.00	552	0	0	1	552	1	552	0	284.0
Q01663	P19880	33.59	524	348	154	1	552	1	650	7.3e-100	58.8
Q01663	Q5AJU7	31.29	473	325	105	1	552	1	499	1.2e-92	57.0
Q01663	B8NNN3	35.56	478	308	180	1	552	1	584	5e-75	53.4
Q01663	Q91YA9	21.40	528	415	122	1	552	1	626	0.0011	26.9
Q01663	Q9I8T7	22.22	531	413	123	1	552	1	633	0.0024	26.5
Q01663	O00327	22.58	527	408	124	1	552	1	626	0.0051	26.2
Q01663	Q9WTL8	22.18	532	414	120	1	552	1	632	0.0051	26.2
Q01663	Q80WE1	18.85	541	439	63	1	552	1	593	0.0079	25.9
Q01663	Q5TAQ9	19.89	528	423	93	1	552	1	597	0.028	25.3
Q01663	Q5U2M6	20.54	516	410	111	1	552	1	591	0.036	25.1
Q01663	Q8N884	20.16	496	396	82	1	552	1	522	0.054	24.7
Q01663	Q8C6L5	21.12	483	381	93	1	552	1	507	0.14	24.1
Q01663	P35922	19.59	541	435	84	1	552	1	614	0.18	24.3
Q01663	Q8N7N5	20.35	521	415	101	1	552	1	591	0.2	24.1
Q01663	Q06787	20.73	545	432	94	1	552	1	632	0.53	23.6
Q01663	Q9QYY8	23.53	527	403	112	1	552	1	614	0.87	23.2
Q01663	Q9R210	23.35	454	348	119	1	552	1	475	0.95	22.8
Q01663	I3LM39	26.52	460	338	127	1	552	1	495	0.95	22.8
Q01663	P19484	23.30	455	349	118	1	552	1	476	1.3	22.6
Q01663	Q9BVS4	20.16	506	404	92	1	552	1	552	3.6	21.9
Q01663	A2VDN5	23.25	529	406	108	1	552	1	614	4.5	21.8
Q01663	Q9CQS5	18.75	512	416	75	1	552	1	547	4.8	21.6
Q01663	B2RYN7	19.42	520	419	93	1	552	1	581	6.3	21.4
Q01663	P11484	21.31	521	410	123	1	552	1	613	6.3	21.5
Q01663	Q9R0L7	21.04	537	424	120	1	552	1	642	7.2	21.4
Q01663	P40150	21.11	521	411	123	1	552	1	613	8.1	21.2
Q01663	Q10284	20.45	528	420	109	1	552	1	613	8.6	21.1
Q10284	Q10284	100.00	613	0	0	1	613	1	613	0	242.3
Q10284	P40150	70.05	611	183	4	1	613	1	613	0	178.5
Q10284	P11484	70.05	611	183	4	1	613	1	613	0	178.2
Q10284	G0SCU5	69.93	612	184	3	1	613	1	614	0	178.2
Q10284	G4NAY4	68.30	612	194	3	1	613	1	614	0	175.0
Q5AJU7	Q5AJU7	100.00	499	0	0	1	499	1	499	0	234.6
Q5AJU7	P19880	39.27	494	300	161	1	499	1	650	5.4e-155	68.5
Q5AJU7	Q01663	31.29	473	325	105	1	499	1	552	3.2e-81	54.6
Q5AJU7	B8NNN3	31.94	454	309	175	1	499	1	584	1.1e-45	45.7
Q5AJU7	P24813	31.39	395	271	118	1	499	1	409	6.1e-43	44.3
Q5AJU7	Q10284	23.25	486	373	140	1	499	1	613	0.32	23.8
Q5AJU7	Q8N884	21.65	462	362	97	1	499	1	522	0.46	23.3
Q5AJU7	P19484	20.62	451	358	73	1	499	1	476	0.56	23.1
Q5AJU7	Q96D46	20.09	453	362	96	1	499	1	503	0.67	23.0
Q5AJU7	Q9R210	20.72	444	352	86	1	499	1	475	0.8	22.8
Q5AJU7	Q9BVS4	21.00	481	380	89	1	499	1	552	1.3	22.7
Q5AJU7	Q8C6L5	18.63	467	380	72	1	499	1	507	1.3	22.5
Q5AJU7	Q99L48	18.42	456	372	90	1	499	1	503	1.6	22.4
Q5AJU7	Q9BWV3	18.84	467	379	79	1	499	1	514	1.7	22.4
Q5AJU7	Q8NAG6	23.08	481	370	152	1	499	1	615	6.6	21.4
Q5AJU7	Q99LG4	23.90	410	312	119	1	499	1	440	6.6	20.9
Q5AJU7	Q99JB6	23.88	402	306	124	1	499	1	429	7.4	20.7
Q5AJU7	Q80WE1	22.71	480	371	132	1	499	1	593	8.7	21.0
Q5AJU7	Q8N0Z6	21.36	412	324	115	1	499	1	440	9.7	20.4
G4NAY4	G4NAY4	100.00	614	0	0	1	614	1	614	0	252.4
G4NAY4	G0SCU5	87.30	614	78	0	1	614	1	614	0	228.7
G4NAY4	P40150	73.25	613	164	1	1	614	1	613	0	197.1
G4NAY4	P11484	73.08	613	165	1	1	614	1	613	0	196.9
G4NAY4	Q10284	68.30	612	194	3	1	614	1	613	0	182.8
B8NNN3	B8NNN3	100.00	584	0	0	1	584	1	584	0	263.1
B8NNN3	Q01663	35.36	478	309	180	1	584	1	552	1.5e-54	48.3
B8NNN3	Q5AJU7	31.94	454	309	175	1	584	1	499	8.9e-37	42.9
B8NNN3	P19880	36.78	484	306	266	1	584	1	650	1.4e-19	36.8
B8NNN3	Q5TAQ9	21.81	541	423	99	1	584	1	597	0.064	24.9
B8NNN3	Q8N7N5	21.34	539	424	97	1	584	1	591	0.097	24.6
B8NNN3	Q5U2M6	21.34	539	424	97	1	584	1	591	0.24	24.1
B8NNN3	O00327	23.52	557	426	96	1	584	1	626	1.3	23.0
B8NNN3	Q9I8T7	21.72	557	436	103	1	584	1	633	1.4	22.9
B8NNN3	Q91YA9	22.72	559	432	92	1	584	1	626	1.4	22.9
B8NNN3	Q10284	19.68	554	445	89	1	584	1	613	1.5	22.8
B8NNN3	P40150	20.28	562	448	73	1	584	1	613	3.3	22.2
B8NNN3	P11484	20.57	564	448	69	1	584	1	613	3.9	22.0
B8NNN3	Q9WTL8	23.30	558	428	100	1	584	1	632	4.4	21.9
B8NNN3	P35922	17.44	562	464	74	1	584	1	614	6.3	21.5
B8NNN3	G4NAY4	21.09	531	419	136	1	584	1	614	6.6	21.5
B8NNN3	Q80WE1	17.59	557	459	63	1	584	1	593	7.7	21.2
B8NNN3	G0SCU5	20.18	545	435	108	1	584	1	614	8.1	21.2
B8NNN3	Q9QZL6	24.90	506	380	138	1	584	1	566	8.1	21.1
B8NNN3	P19484	22.70	467	361	126	1	584	1	476	8.1	20.9
B8NNN3	Q06787	19.53	558	449	100	1	584	1	632	8.6	21.2
G0SCU5	G0SCU5	100.00	614	0	0	1	614	1	614	0	273.3
G0SCU5	G4NAY4	87.30	614	78	0	1	614	1	614	0	247.1
G0SCU5	P40150	75.53	613	150	1	1	614	1	613	0	218.1
G0SCU5	P11484	75.37	613	151	1	1	614	1	613	0	217.8
G0SCU5	Q10284	69.93	612	184	3	1	614	1	613	0	200.8
A8MR65	A8MR65	100.00	201	0	0	1	201	1	201	0	142.3
A8MR65	Q8S4Q6	38.92	185	113	33	1	201	1	202	2.3e-51	44.2
A8MR65	Q9GZX7	20.63	189	150	21	1	201	1	198	1.4	17.6
A8MR65	Q9WVE0	20.11	189	151	21	1	201	1	198	1.9	17.3
A8MR65	Q9LPZ4	17.10	193	160	19	1	201	1	204	2.6	16.8
A8MR65	Q6ICB0	21.38	159	125	51	1	201	1	168	5.8	14.1
A8MR65	Q9CQT7	20.13	159	127	51	1	201	1	168	6.2	13.7
Q8LH59	Q8LH59	100.00	306	0	0	1	306	1	306	0	162.1
Q8S4Q6	Q8S4Q6	100.00	202	0	0	1	202	1	202	0	143.2
Q8S4Q6	A8MR65	39.46	185	112	33	1	202	1	201	6.2e-51	44.1
Q8S4Q6	Q9GZX7	19.23	182	147	36	1	202	1	198	3.2	16.3
Q8S4Q6	Q9WVE0	18.13	182	149	36	1	202	1	198	3.9	15.9
Q8S4Q6	Q9LPZ4	13.85	195	168	16	1	202	1	204	6.1	14.0
Q8S4Q6	Q9CQT7	20.00	165	132	40	1	202	1	168	6.5	13.2
Q8S4Q6	Q6ICB0	20.73	164	130	42	1	202	1	168	6.7	12.7
Q9LPZ4	Q9LPZ4	100.00	204	0	0	1	204	1	204	0	132.3
Q9LPZ4	A8MR65	17.10	193	160	19	1	204	1	201	7	11.1
Q9LPZ4	Q6ICB0	24.69	162	122	48	1	204	1	168	7	9.3
Q9LPZ4	Q9CQT7	24.69	162	122	48	1	204	1	168	7	8.9
Q9LPZ4	Q9WVE0	22.10	181	141	40	1	204	1	198	7	9.1
Q9LPZ4	Q8S4Q6	13.85	195	168	16	1	204	1	202	7	9.0
Q9LPZ4	Q9GZX7	19.78	182	146	38	1	204	1	198	7	8.8
