O09174	O09174	100.00	381	0	0	1	381	1	381	0	211.6
O09174	Q9UHK6	77.43	381	86	1	1	381	1	382	0	174.9
O09174	Q9FWA3	24.32	370	280	127	1	381	1	486	0.00011	26.6
O09174	P38998	21.76	340	266	74	1	381	1	373	0.0082	24.2
O09174	Q8VCH0	22.10	362	282	81	1	381	1	424	0.046	23.5
O09174	Q921H8	21.64	365	286	75	1	381	1	424	0.094	23.1
O09174	P27796	21.80	367	287	64	1	381	1	417	0.16	22.7
O09174	P09110	23.68	359	274	87	1	381	1	424	0.23	22.5
O09174	Q84WW2	23.05	308	237	90	1	381	1	325	0.28	22.0
O09174	O14832	19.63	321	258	77	1	381	1	338	0.34	21.9
O09174	Q8GW43	24.24	363	275	131	1	381	1	476	0.41	22.2
O09174	Q9BQG2	22.70	370	286	103	1	381	1	462	0.45	22.1
O09174	O35386	22.71	317	245	85	1	381	1	338	0.5	21.6
O09174	P07871	21.10	365	288	75	1	381	1	424	0.65	21.7
O09174	Q12524	20.25	316	252	89	1	381	1	340	0.65	21.4
O09174	P21775	21.53	367	288	81	1	381	1	434	0.85	21.5
O09174	Q9DCN1	23.04	369	284	105	1	381	1	462	1.4	21.2
O09174	P57093	19.38	325	262	69	1	381	1	338	1.7	20.5
O09174	P08679	20.70	372	295	97	1	381	1	460	2.5	20.6
O09174	O70579	22.67	300	232	88	1	381	1	307	3.6	19.6
O09174	Q4WF55	24.51	359	271	125	1	381	1	462	3.9	20.1
O09174	O43808	23.67	300	229	88	1	381	1	307	4.6	19.3
O09174	P53164	17.65	357	294	51	1	381	1	384	5.7	19.3
O14832	O14832	100.00	338	0	0	1	338	1	338	0	231.1
O14832	P57093	78.11	338	74	0	1	338	1	338	0	195.4
O14832	O35386	78.11	338	74	0	1	338	1	338	0	195.2
O14832	P47148	24.16	269	204	83	1	338	1	283	0.017	23.3
O14832	Q9SIP1	25.87	259	192	83	1	338	1	263	0.027	22.9
O14832	Q12524	20.40	299	238	80	1	338	1	340	0.043	23.0
O14832	Q8VCH0	25.00	328	246	106	1	338	1	424	0.1	22.8
O14832	P21775	25.15	334	250	104	1	338	1	434	0.23	22.3
O14832	Q84WW2	21.84	293	229	77	1	338	1	325	0.26	21.8
O14832	P53164	22.67	322	249	78	1	338	1	384	0.29	22.0
O14832	Q921H8	26.92	312	228	138	1	338	1	424	0.53	21.7
O14832	P07871	25.00	328	246	106	1	338	1	424	1.5	20.8
O14832	Q8WNV7	22.55	275	213	67	1	338	1	279	1.5	20.2
O14832	P09110	23.48	328	251	106	1	338	1	424	2.7	20.2
O14832	Q08558	27.16	243	177	123	1	338	1	271	3.2	19.3
O14832	O09174	19.00	321	260	77	1	338	1	381	3.9	19.6
O14832	Q9BTZ2	22.14	271	211	74	1	338	1	278	5.8	18.6
O14832	Q9UHK6	21.98	323	252	74	1	338	1	382	7.3	18.7
O14832	O70579	22.70	282	218	81	1	338	1	307	8.1	18.2
O14832	P38998	19.44	319	257	73	1	338	1	373	8.1	18.5
O15254	O15254	100.00	700	0	0	1	700	1	700	0	268.1
O15254	Q63448	74.39	699	179	2	1	700	1	700	0	209.3
O15254	Q9EPL9	73.43	700	186	0	1	700	1	700	0	208.4
O15254	O64894	36.48	647	411	96	1	700	1	690	1.4e-234	80.4
O15254	Q8LPS1	22.27	642	499	117	1	700	1	701	1.7	22.5
O15254	P38225	20.73	627	497	115	1	700	1	669	2	22.3
O15254	P39518	22.15	659	513	126	1	700	1	744	3.7	21.8
O35386	O35386	100.00	338	0	0	1	338	1	338	0	215.3
O35386	P57093	86.09	338	47	0	1	338	1	338	0	194.1
O35386	O14832	78.11	338	74	0	1	338	1	338	0	179.9
O35386	Q84WW2	24.01	304	231	55	1	338	1	325	0.018	23.4
O35386	Q9SIP1	24.21	252	191	97	1	338	1	263	0.043	22.6
O35386	P47148	22.88	271	209	79	1	338	1	283	0.14	22.0
O35386	Q12524	20.27	301	240	76	1	338	1	340	1.2	20.7
O35386	Q08558	30.17	242	169	125	1	338	1	271	2.1	19.8
O35386	Q9UHK6	22.91	323	249	74	1	338	1	382	2.2	20.2
O35386	P53164	19.76	329	264	64	1	338	1	384	2.4	20.1
O35386	Q8VCH0	26.32	323	238	116	1	338	1	424	2.8	20.1
O35386	Q921H8	26.48	321	236	120	1	338	1	424	3.9	19.7
O35386	O09174	20.87	321	254	77	1	338	1	381	3.9	19.6
O35386	Q8WNV7	20.22	272	217	73	1	338	1	279	4.2	19.0
O35386	P21775	26.83	328	240	116	1	338	1	434	4.5	19.6
O35386	Q9BTZ2	23.42	269	206	78	1	338	1	278	5	18.8
O35386	P07871	27.10	321	234	120	1	338	1	424	7.7	18.8
O43808	O43808	100.00	307	0	0	1	307	1	307	0	193.0
O43808	O70579	95.44	307	14	0	1	307	1	307	0	187.0
O43808	Q08558	19.92	266	213	46	1	307	1	271	0.36	20.9
O43808	Q9BTZ2	24.71	255	192	75	1	307	1	278	2.6	19.1
O43808	Q4WF54	22.66	256	198	65	1	307	1	270	2.6	19.0
O43808	P38998	23.73	295	225	90	1	307	1	373	3.5	19.2
O43808	P47148	18.42	266	217	58	1	307	1	283	4.4	18.4
O43808	Q84WW2	21.71	281	220	70	1	307	1	325	4.7	18.5
O43808	Q8WNV7	20.61	262	208	62	1	307	1	279	6.4	17.8
O70579	O70579	100.00	307	0	0	1	307	1	307	0	176.1
O70579	O43808	95.44	307	14	0	1	307	1	307	0	171.4
O70579	Q08558	21.21	264	208	50	1	307	1	271	0.67	20.4
O70579	Q4WF54	23.14	255	196	67	1	307	1	270	1.3	19.8
O70579	Q9BTZ2	24.52	261	197	63	1	307	1	278	1.7	19.6
O70579	P38998	21.40	299	235	82	1	307	1	373	2.9	19.4
O70579	Q84WW2	19.65	285	229	62	1	307	1	325	4.1	18.8
O70579	P47148	18.42	266	217	58	1	307	1	283	4.7	18.3
O70579	Q8WNV7	22.81	263	203	60	1	307	1	279	7.1	17.6
O97492	O97492	100.00	527	0	0	1	527	1	527	0	292.5
O97492	P00432	92.98	527	37	0	1	527	1	527	0	277.9
O97492	P24270	92.79	527	38	0	1	527	1	527	0	276.7
O97492	P04762	92.03	527	42	0	1	527	1	527	0	275.9
O97492	O62839	92.22	527	41	0	1	527	1	527	0	275.0
O97492	P04040	91.65	527	44	0	1	527	1	527	0	273.1
O97492	P38137	20.56	496	394	78	1	527	1	543	5.4e-07	29.2
O97492	Q4WF55	20.72	444	352	101	1	527	1	462	1.6e-06	28.6
O97492	P32020	23.85	478	364	118	1	527	1	547	2.9e-06	28.6
O97492	P30952	23.99	471	358	139	1	527	1	554	3.8e-05	27.7
O97492	Q8LF36	21.96	460	359	99	1	527	1	492	7.9e-05	27.3
O97492	P39994	23.69	477	364	133	1	527	1	560	9.4e-05	27.4
O97492	Q9DCN1	23.98	442	336	105	1	527	1	462	9.4e-05	27.1
O97492	Q8CHM7	23.29	498	382	112	1	527	1	581	0.00014	27.3
O97492	Q9BQG2	23.46	439	336	111	1	527	1	462	0.00027	26.7
O97492	Q9QXE0	23.48	494	378	120	1	527	1	581	0.00045	26.8
O97492	Q9UJ83	22.92	493	380	119	1	527	1	578	0.00045	26.8
O97492	P21826	23.26	473	363	135	1	527	1	554	0.001	26.4
O97492	P08679	24.12	427	324	133	1	527	1	460	0.0017	25.9
O97492	Q9FWA3	18.48	460	375	93	1	527	1	486	0.011	25.1
O97492	P27796	24.39	410	310	124	1	527	1	417	0.055	24.0
O97492	Q8GW43	20.00	445	356	113	1	527	1	476	0.18	23.5
O97492	P97275	23.35	501	384	183	1	527	1	658	0.22	23.8
O97492	P21775	22.88	424	327	113	1	527	1	434	1.2	22.0
O97492	Q63448	24.17	509	386	209	1	527	1	700	3.7	21.6
O97492	Q9EPL9	25.95	501	371	225	1	527	1	700	5.3	21.2
O97492	P09110	24.20	405	307	141	1	527	1	424	6.6	20.2
O97492	O64894	25.74	509	378	199	1	527	1	690	9.8	20.3
P00432	P00432	100.00	527	0	0	1	527	1	527	0	253.6
P00432	O97492	92.98	527	37	0	1	527	1	527	0	241.1
P00432	O62839	92.41	527	40	0	1	527	1	527	0	239.0
P00432	P04040	91.46	527	45	0	1	527	1	527	0	238.2
P00432	P04762	90.89	527	48	0	1	527	1	527	0	237.1
P00432	P24270	90.70	527	49	0	1	527	1	527	0	235.9
P00432	P38137	20.33	492	392	86	1	527	1	543	7.6e-07	29.1
P00432	P39994	24.79	476	358	135	1	527	1	560	0.00019	27.1
P00432	P32020	24.27	478	362	118	1	527	1	547	0.00045	26.7
P00432	Q8CHM7	24.54	493	372	122	1	527	1	581	0.0006	26.7
P00432	Q9BQG2	21.95	442	345	105	1	527	1	462	0.0007	26.3
P00432	Q4WF55	22.33	430	334	129	1	527	1	462	0.0008	26.2
P00432	Q8LF36	20.59	471	374	77	1	527	1	492	0.0012	26.2
P00432	Q9FWA3	20.75	453	359	107	1	527	1	486	0.0018	26.0
P00432	Q9DCN1	25.00	428	321	133	1	527	1	462	0.0021	25.8
P00432	Q9QXE0	23.59	496	379	116	1	527	1	581	0.0031	26.0
P00432	P30952	20.81	495	392	91	1	527	1	554	0.004	25.8
P00432	P08679	22.12	434	338	119	1	527	1	460	0.0051	25.4
P00432	Q9UJ83	22.78	496	383	113	1	527	1	578	0.0066	25.6
P00432	P21826	23.40	470	360	141	1	527	1	554	0.012	25.2
P00432	P27796	24.27	412	312	120	1	527	1	417	0.064	23.9
P00432	Q8GW43	19.60	454	365	95	1	527	1	476	0.25	23.3
P00432	P97275	22.27	503	391	179	1	527	1	658	1.1	22.6
P00432	P21775	24.41	422	319	117	1	527	1	434	3.1	21.1
P00432	Q63448	23.46	520	398	187	1	527	1	700	4.3	21.4
P00432	Q9EPL9	25.29	522	390	183	1	527	1	700	6.1	21.0
P00432	O64894	24.85	507	381	203	1	527	1	690	6.7	20.8
P04040	P04040	100.00	527	0	0	1	527	1	527	0	277.7
P04040	P00432	91.46	527	45	0	1	527	1	527	0	261.8
P04040	O97492	91.65	527	44	0	1	527	1	527	0	260.4
P04040	O62839	89.94	527	53	0	1	527	1	527	0	259.3
P04040	P24270	89.37	527	56	0	1	527	1	527	0	257.3
P04040	P04762	88.99	527	58	0	1	527	1	527	0	256.9
P04040	P38137	21.79	491	384	88	1	527	1	543	6.2e-10	31.2
P04040	P39994	21.53	483	379	121	1	527	1	560	2.2e-05	28.0
P04040	Q8CHM7	23.22	491	377	126	1	527	1	581	2.6e-05	27.9
P04040	Q4WF55	19.02	447	362	95	1	527	1	462	3.7e-05	27.5
P04040	P30952	21.95	492	384	97	1	527	1	554	5.3e-05	27.6
P04040	P32020	21.83	481	376	112	1	527	1	547	6.3e-05	27.5
P04040	Q9DCN1	25.58	430	320	129	1	527	1	462	0.00024	26.7
P04040	Q9UJ83	22.58	496	384	113	1	527	1	578	0.00047	26.8
P04040	Q9QXE0	22.87	494	381	120	1	527	1	581	0.00055	26.7
P04040	Q9BQG2	22.22	441	343	107	1	527	1	462	0.0022	25.8
P04040	P08679	23.36	428	328	131	1	527	1	460	0.0029	25.7
P04040	Q8LF36	22.84	451	348	117	1	527	1	492	0.0051	25.5
P04040	P21826	20.17	481	384	119	1	527	1	554	0.028	24.8
P04040	Q9FWA3	21.68	452	354	109	1	527	1	486	0.041	24.4
P04040	Q8GW43	22.54	426	330	151	1	527	1	476	0.13	23.7
P04040	P27796	22.33	412	320	120	1	527	1	417	0.17	23.3
P04040	P21775	22.70	423	327	115	1	527	1	434	0.61	22.5
P04040	P07871	23.91	414	315	123	1	527	1	424	1.5	21.7
P04040	Q63448	24.28	523	396	181	1	527	1	700	2.9	21.8
P04040	Q9EPL9	25.10	522	391	183	1	527	1	700	3.5	21.6
P04040	P09110	22.79	408	315	135	1	527	1	424	3.9	20.8
P04040	P97275	22.75	501	387	183	1	527	1	658	4.7	21.2
P04040	Q921H8	22.93	410	316	131	1	527	1	424	7.9	19.9
P04040	Q8VCH0	20.48	420	334	111	1	527	1	424	7.9	19.9
P04040	O64894	24.66	511	385	195	1	527	1	690	9.4	20.4
P04762	P04762	100.00	527	0	0	1	527	1	527	0	270.6
P04762	P24270	95.07	527	26	0	1	527	1	527	0	260.4
P04762	O97492	92.03	527	42	0	1	527	1	527	0	254.6
P04762	P00432	90.89	527	48	0	1	527	1	527	0	252.2
P04762	O62839	90.13	527	52	0	1	527	1	527	0	250.6
P04762	P04040	88.99	527	58	0	1	527	1	527	0	248.7
P04762	P32020	22.61	482	373	110	1	527	1	547	8e-07	29.1
P04762	P38137	23.43	478	366	114	1	527	1	543	2.1e-06	28.7
P04762	Q4WF55	20.81	442	350	105	1	527	1	462	1.1e-05	27.9
P04762	Q8CHM7	23.82	487	371	134	1	527	1	581	9e-05	27.5
P04762	Q9DCN1	24.59	431	325	127	1	527	1	462	0.00028	26.7
P04762	P39994	25.91	467	346	153	1	527	1	560	0.00082	26.5
P04762	Q9QXE0	23.46	486	372	136	1	527	1	581	0.0011	26.4
P04762	Q8LF36	19.83	469	376	81	1	527	1	492	0.0015	26.1
P04762	Q9UJ83	23.92	485	369	135	1	527	1	578	0.0034	25.9
P04762	P08679	21.14	440	347	107	1	527	1	460	0.0045	25.5
P04762	Q9BQG2	21.72	442	346	105	1	527	1	462	0.0059	25.3
P04762	Q9FWA3	22.54	448	347	117	1	527	1	486	0.01	25.1
P04762	P30952	21.26	475	374	131	1	527	1	554	0.015	25.1
P04762	P21826	21.58	482	378	117	1	527	1	554	0.024	24.9
P04762	P27796	23.60	411	314	122	1	527	1	417	0.12	23.6
P04762	Q8GW43	19.02	447	362	109	1	527	1	476	0.89	22.3
P04762	P21775	25.24	420	314	121	1	527	1	434	1	22.1
P04762	P97275	23.21	504	387	177	1	527	1	658	1.1	22.6
P04762	P09110	25.19	405	303	141	1	527	1	424	4.3	20.7
P04762	Q63448	25.00	508	381	211	1	527	1	700	5.4	21.1
P04762	Q9EPL9	26.10	502	371	223	1	527	1	700	6.6	20.9
P04762	P07871	25.37	410	306	131	1	527	1	424	8.7	19.8
P04762	P38225	24.27	515	390	166	1	527	1	669	8.7	20.4
P04762	Q8VCH0	23.00	413	318	125	1	527	1	424	9.9	19.6
P07871	P07871	100.00	424	0	0	1	424	1	424	0	218.5
P07871	P21775	98.11	424	8	10	1	424	1	434	0	213.3
P07871	Q8VCH0	95.99	424	17	0	1	424	1	424	0	210.6
P07871	Q921H8	95.05	424	21	0	1	424	1	424	0	209.8
P07871	P09110	87.03	424	55	0	1	424	1	424	0	196.3
P07871	P27796	55.88	408	180	25	1	424	1	417	0	116.1
P07871	Q9FWA3	21.81	408	319	94	1	424	1	486	2.7	21.1
P07871	P32020	31.35	370	254	231	1	424	1	547	2.9	21.2
P07871	Q9DCN1	22.64	402	311	82	1	424	1	462	3.3	20.8
P07871	P08679	23.32	386	296	112	1	424	1	460	4.6	20.4
P07871	Q9UHK6	23.40	359	275	88	1	424	1	382	5.8	19.9
P07871	O14832	25.30	328	245	106	1	424	1	338	8.3	19.2
P07871	Q8GW43	25.00	388	291	124	1	424	1	476	8.7	19.6
P09110	P09110	100.00	424	0	0	1	424	1	424	0	200.3
P09110	P07871	87.03	424	55	0	1	424	1	424	0	178.5
P09110	Q921H8	85.61	424	61	0	1	424	1	424	0	176.3
P09110	Q8VCH0	85.85	424	60	0	1	424	1	424	0	176.1
P09110	P21775	86.56	424	57	10	1	424	1	434	0	175.8
P09110	P27796	54.30	407	186	27	1	424	1	417	0	102.9
P09110	Q9DCN1	23.87	398	303	90	1	424	1	462	0.5	22.4
P09110	Q9BQG2	22.75	400	309	86	1	424	1	462	2.6	21.0
P09110	P32020	31.00	371	256	229	1	424	1	547	3.5	21.0
P09110	O14832	23.85	327	249	108	1	424	1	338	9.9	18.9
P09110	Q8GW43	24.80	383	288	134	1	424	1	476	9.9	19.4
P21775	P21775	100.00	434	0	0	1	434	1	434	0	224.4
P21775	P07871	98.11	424	8	10	1	434	1	424	0	214.8
P21775	Q921H8	95.99	424	17	10	1	434	1	424	0	211.2
P21775	Q8VCH0	95.05	424	21	10	1	434	1	424	0	209.1
P21775	P09110	86.56	424	57	10	1	434	1	424	0	194.7
P21775	P27796	55.39	408	182	35	1	434	1	417	0	116.0
P21775	P32020	31.44	369	253	243	1	434	1	547	2.5	21.3
P21775	O14832	25.75	334	248	104	1	434	1	338	2.5	20.6
P21775	Q9DCN1	23.08	403	310	90	1	434	1	462	5.4	20.2
P21775	Q9FWA3	20.24	420	335	80	1	434	1	486	6.8	20.0
P21775	Q9UHK6	23.55	361	276	94	1	434	1	382	6.8	19.7
P24270	P24270	100.00	527	0	0	1	527	1	527	0	290.0
P24270	P04762	95.07	527	26	0	1	527	1	527	0	280.2
P24270	O97492	92.79	527	38	0	1	527	1	527	0	274.7
P24270	P00432	90.70	527	49	0	1	527	1	527	0	270.0
P24270	O62839	90.51	527	50	0	1	527	1	527	0	269.5
P24270	P04040	89.37	527	56	0	1	527	1	527	0	267.9
P24270	P38137	20.65	494	392	82	1	527	1	543	2e-08	30.2
P24270	P32020	24.74	477	359	120	1	527	1	547	6.4e-08	29.9
P24270	Q8CHM7	23.40	500	383	108	1	527	1	581	3.1e-07	29.5
P24270	Q9UJ83	23.19	496	381	113	1	527	1	578	5.8e-06	28.5
P24270	Q4WF55	21.54	441	346	107	1	527	1	462	7e-06	28.1
P24270	Q9QXE0	23.34	497	381	114	1	527	1	581	1.9e-05	28.1
P24270	P30952	23.69	477	364	127	1	527	1	554	1.9e-05	28.0
P24270	Q9DCN1	25.17	433	324	123	1	527	1	462	4.8e-05	27.4
P24270	P08679	21.70	447	350	93	1	527	1	460	0.00012	27.0
P24270	Q8LF36	19.53	471	379	77	1	527	1	492	0.00033	26.7
P24270	P39994	24.04	470	357	147	1	527	1	560	0.00047	26.8
P24270	Q9BQG2	21.03	447	353	95	1	527	1	462	0.0014	26.0
P24270	Q9FWA3	22.08	453	353	107	1	527	1	486	0.0023	25.8
P24270	P21826	23.62	470	359	141	1	527	1	554	0.0027	26.0
P24270	P27796	24.26	408	309	128	1	527	1	417	0.098	23.7
P24270	Q8GW43	22.04	431	336	141	1	527	1	476	0.26	23.2
P24270	P21775	24.34	419	317	123	1	527	1	434	1.8	21.6
P24270	P97275	23.20	500	384	185	1	527	1	658	1.9	22.2
P24270	P38225	23.27	520	399	156	1	527	1	669	2.9	21.8
P24270	P09110	24.50	404	305	143	1	527	1	424	7.9	19.9
P30044	P30044	100.00	214	0	0	1	214	1	214	0	149.8
P30044	Q9R063	78.40	213	46	1	1	214	1	213	0	120.7
P30044	P99029	79.05	210	44	4	1	214	1	210	0	118.4
P30044	Q9BTZ2	27.49	211	153	70	1	214	1	278	0.24	20.4
P30044	P53633	26.54	162	119	66	1	214	1	176	0.6	18.9
P30044	Q8WNV7	25.12	207	155	79	1	214	1	279	1.5	18.6
P30044	Q08558	23.41	205	157	75	1	214	1	271	2.9	17.7
P30044	Q9SIP1	24.51	204	154	69	1	214	1	263	3.1	17.5
P30044	Q4WF54	21.74	207	162	70	1	214	1	270	4	17.1
P30044	P47148	21.50	214	168	69	1	214	1	283	8.7	14.6
P32020	P32020	100.00	547	0	0	1	547	1	547	0	277.9
P32020	P38137	24.54	489	369	112	1	547	1	543	5.4e-09	30.7
P32020	P39994	23.63	491	375	125	1	547	1	560	1.3e-06	29.0
P32020	P04762	23.08	481	370	112	1	547	1	527	4.2e-06	28.5
P32020	P24270	24.79	476	358	122	1	547	1	527	5e-06	28.5
P32020	P07871	31.35	370	254	231	1	547	1	424	1.9e-05	27.7
P32020	P21775	31.44	369	253	243	1	547	1	434	2.3e-05	27.6
P32020	P09110	31.00	371	256	229	1	547	1	424	3.9e-05	27.4
P32020	O97492	23.69	477	364	120	1	547	1	527	0.00011	27.3
P32020	P30952	20.59	505	401	91	1	547	1	554	0.00019	27.2
P32020	Q921H8	30.27	370	258	231	1	547	1	424	0.00026	26.7
P32020	Q8VCH0	30.79	367	254	237	1	547	1	424	0.00026	26.7
P32020	Q9DCN1	24.65	434	327	141	1	547	1	462	0.00036	26.6
P32020	Q9BQG2	25.81	430	319	149	1	547	1	462	0.00036	26.6
P32020	O62839	22.77	483	373	108	1	547	1	527	0.0005	26.7
P32020	Q9UJ83	23.76	484	369	157	1	547	1	578	0.0005	26.8
P32020	P04040	21.83	481	376	112	1	547	1	527	0.00058	26.6
P32020	Q8CHM7	25.94	478	354	172	1	547	1	581	0.0008	26.6
P32020	Q9FWA3	24.05	449	341	135	1	547	1	486	0.00093	26.3
P32020	Q9QXE0	25.47	479	357	170	1	547	1	581	0.0011	26.5
P32020	P00432	24.48	478	361	118	1	547	1	527	0.0015	26.2
P32020	Q8GW43	26.64	443	325	137	1	547	1	476	0.0015	26.1
P32020	P21826	21.74	506	396	89	1	547	1	554	0.011	25.4
P32020	P08679	25.23	440	329	127	1	547	1	460	0.078	24.0
P32020	Q8LF36	19.92	472	378	95	1	547	1	492	0.23	23.4
P32020	P38225	21.97	537	419	142	1	547	1	669	0.93	22.9
P32020	P97275	22.90	524	404	157	1	547	1	658	2	22.2
P32020	P27796	26.50	366	269	232	1	547	1	417	2.3	21.4
P32020	Q8LPS1	23.74	535	408	178	1	547	1	701	3.1	21.9
P32020	O15254	27.59	511	370	225	1	547	1	700	8	20.7
P32020	Q4WF55	20.72	444	352	121	1	547	1	462	8.4	20.0
P57093	P57093	100.00	338	0	0	1	338	1	338	0	215.0
P57093	O35386	86.09	338	47	0	1	338	1	338	0	192.8
P57093	O14832	78.11	338	74	0	1	338	1	338	0	178.9
P57093	Q84WW2	22.37	304	236	55	1	338	1	325	0.12	22.3
P57093	P47148	21.45	275	216	71	1	338	1	283	0.13	22.0
P57093	Q9SIP1	22.22	252	196	97	1	338	1	263	1.4	20.1
P57093	P53164	22.91	323	249	76	1	338	1	384	1.8	20.4
P57093	P38998	18.46	325	265	61	1	338	1	373	3.3	19.7
P57093	Q08558	22.13	253	197	103	1	338	1	271	4.1	19.0
P57093	Q8WNV7	20.44	274	218	69	1	338	1	279	4.9	18.8
P57093	O70579	22.61	283	219	79	1	338	1	307	5.2	18.9
P57093	Q9BTZ2	26.72	262	192	92	1	338	1	278	5.8	18.6
P57093	Q12524	19.67	300	241	78	1	338	1	340	8.2	18.3
P57093	Q4WF54	20.38	265	211	78	1	338	1	270	8.2	18.0
P57093	O09174	19.38	325	262	69	1	338	1	381	9.7	18.2
P97275	P97275	100.00	658	0	0	1	658	1	658	0	333.3
P97275	Q8LPS1	23.61	593	453	173	1	658	1	701	0.092	24.6
P97275	Q8CHM7	20.18	560	447	119	1	658	1	581	0.26	23.7
P97275	O64894	21.60	611	479	126	1	658	1	690	0.42	23.6
P97275	P39518	26.40	606	446	190	1	658	1	744	1.3	22.8
P97275	Q9QXE0	20.29	557	444	125	1	658	1	581	1.3	22.4
P97275	P38137	23.68	532	406	137	1	658	1	543	1.9	21.9
P97275	Q9UJ83	20.98	553	437	130	1	658	1	578	2.9	21.6
P97275	Q9EPL9	23.83	596	454	166	1	658	1	700	7.4	20.6
P97275	Q63448	21.95	606	473	146	1	658	1	700	7.7	20.6
P97275	O97492	24.40	500	378	185	1	658	1	527	8.4	20.0
P97275	P21826	21.21	528	416	156	1	658	1	554	8.7	20.0
P99029	P99029	100.00	210	0	0	1	210	1	210	0	180.1
P99029	Q9R063	90.95	210	19	3	1	210	1	213	0	164.3
P99029	P30044	79.05	210	44	4	1	210	1	214	0	143.4
P99029	P53633	25.90	166	123	54	1	210	1	176	0.016	21.3
P99029	Q9BTZ2	28.57	210	150	68	1	210	1	278	0.32	19.9
P99029	Q4WF54	25.85	205	152	70	1	210	1	270	0.32	19.9
P99029	Q9SIP1	27.00	200	146	73	1	210	1	263	2.7	17.4
P99029	Q08558	21.95	205	160	71	1	210	1	271	3.2	17.1
Q13315	Q13315	100.00	3056	0	0	1	3056	1	3056	0	700.6
Q13315	Q62388	84.34	3052	478	18	1	3056	1	3066	0	598.4
Q3MIB4	Q3MIB4	100.00	852	0	0	1	852	1	852	0	367.1
Q3MIB4	Q9DBN5	98.24	852	15	0	1	852	1	852	0	362.1
Q3MIB4	Q86WA8	95.19	852	41	0	1	852	1	852	0	353.8
Q3MIB4	F7VNF8	42.71	803	460	155	1	852	1	909	0	136.2
Q3MIB4	P39518	21.76	717	561	162	1	852	1	744	0.00076	27.2
Q3MIB4	Q8LPS1	22.21	680	529	193	1	852	1	701	3	21.3
Q3MIB4	Q9EPL9	23.65	668	510	216	1	852	1	700	5.8	20.1
Q3MIB4	Q63448	23.98	663	504	226	1	852	1	700	5.8	20.1
Q3MIB4	O64894	22.95	658	507	226	1	852	1	690	6.5	19.8
Q3MIB4	O15254	25.26	661	494	230	1	852	1	700	7.7	19.4
Q3MIB4	P38225	24.08	652	495	217	1	852	1	669	8.2	19.1
Q3MIB4	P97275	24.88	643	483	224	1	852	1	658	9.3	18.5
Q62388	Q62388	100.00	3066	0	0	1	3066	1	3066	0	734.6
Q62388	Q13315	84.34	3052	478	18	1	3066	1	3056	0	627.0
Q63448	Q63448	100.00	700	0	0	1	700	1	700	0	267.8
Q63448	Q9EPL9	88.43	700	81	0	1	700	1	700	0	241.3
Q63448	O15254	74.39	699	179	2	1	700	1	700	0	207.3
Q63448	O64894	36.28	645	411	100	1	700	1	690	1.1e-215	77.9
Q63448	Q8LPS1	19.97	651	521	99	1	700	1	701	0.41	23.7
Q63448	P38225	22.50	631	489	107	1	700	1	669	2.7	22.0
Q86WA8	Q86WA8	100.00	852	0	0	1	852	1	852	0	347.0
Q86WA8	Q9DBN5	95.54	852	38	0	1	852	1	852	0	335.1
Q86WA8	Q3MIB4	95.19	852	41	0	1	852	1	852	0	334.7
Q86WA8	F7VNF8	42.89	802	458	157	1	852	1	909	0	129.6
Q86WA8	P39518	22.36	711	552	174	1	852	1	744	0.026	25.4
Q86WA8	Q63448	25.53	662	493	228	1	852	1	700	2.7	21.4
Q86WA8	O64894	24.24	656	497	230	1	852	1	690	2.7	21.4
Q86WA8	Q9EPL9	22.67	675	522	202	1	852	1	700	3.4	21.1
Q86WA8	O15254	26.75	658	482	236	1	852	1	700	4.1	20.8
Q86WA8	P38225	25.55	642	478	237	1	852	1	669	4.4	20.6
Q86WA8	Q8LPS1	22.27	678	527	197	1	852	1	701	6.7	19.7
Q86WA8	P97275	24.73	643	484	224	1	852	1	658	7	19.5
Q8CHM7	Q8CHM7	100.00	581	0	0	1	581	1	581	0	256.0
Q8CHM7	Q9QXE0	91.57	581	49	0	1	581	1	581	0	239.8
Q8CHM7	Q9UJ83	85.99	578	81	3	1	581	1	578	0	228.0
Q8CHM7	P39994	40.73	545	323	51	1	581	1	560	0	101.5
Q8CHM7	P38137	23.77	509	388	106	1	581	1	543	0.0014	26.3
Q8CHM7	P24270	23.20	500	384	108	1	581	1	527	0.0019	26.1
Q8CHM7	P04040	22.87	494	381	120	1	581	1	527	0.011	25.3
Q8CHM7	P04762	23.57	488	373	132	1	581	1	527	0.016	25.1
Q8CHM7	P32020	25.94	478	354	172	1	581	1	547	0.024	24.9
Q8CHM7	O62839	22.69	498	385	112	1	581	1	527	0.037	24.6
Q8CHM7	P00432	24.24	495	375	118	1	581	1	527	0.046	24.5
Q8CHM7	O97492	22.49	498	386	112	1	581	1	527	0.056	24.4
Q8CHM7	P21826	20.61	524	416	87	1	581	1	554	0.056	24.5
Q8CHM7	P97275	20.47	557	443	125	1	581	1	658	0.062	24.7
Q8CHM7	P08679	24.33	448	339	145	1	581	1	460	0.13	23.7
Q8CHM7	Q9FWA3	22.17	469	365	129	1	581	1	486	0.64	22.7
Q8CHM7	P30952	19.50	523	421	89	1	581	1	554	0.74	22.7
Q8CHM7	Q8GW43	23.08	468	360	121	1	581	1	476	0.74	22.5
Q8CHM7	Q9BQG2	22.99	448	345	147	1	581	1	462	2.6	21.4
Q8CHM7	Q8LF36	20.94	468	370	137	1	581	1	492	3.9	21.0
Q8CHM7	O64894	20.78	563	446	145	1	581	1	690	6.8	20.8
Q8CHM7	Q9DCN1	22.92	445	343	153	1	581	1	462	8.3	19.9
Q8CHM7	Q8LPS1	26.80	541	396	200	1	581	1	701	8.6	20.5
Q8VCH0	Q8VCH0	100.00	424	0	0	1	424	1	424	0	203.5
Q8VCH0	P07871	95.99	424	17	0	1	424	1	424	0	196.2
Q8VCH0	Q921H8	95.75	424	18	0	1	424	1	424	0	195.6
Q8VCH0	P21775	95.05	424	21	10	1	424	1	434	0	193.4
Q8VCH0	P09110	85.85	424	60	0	1	424	1	424	0	180.5
Q8VCH0	P27796	54.41	408	186	25	1	424	1	417	0	107.8
Q8VCH0	Q9DCN1	22.22	405	315	76	1	424	1	462	0.9	22.0
Q8VCH0	O14832	25.69	327	243	108	1	424	1	338	1.8	20.9
Q8VCH0	Q8GW43	23.19	401	308	98	1	424	1	476	2.4	21.2
Q8VCH0	P08679	24.21	380	288	124	1	424	1	460	2.9	20.9
Q8VCH0	Q9BQG2	21.18	406	320	74	1	424	1	462	3.1	20.9
Q8VCH0	O09174	22.10	362	282	81	1	424	1	381	5.2	20.0
Q8VCH0	P32020	31.34	367	252	237	1	424	1	547	6.1	20.3
Q8VCH0	Q9UHK6	23.12	359	276	88	1	424	1	382	7.4	19.5
Q8VCH0	Q9FWA3	20.19	416	332	78	1	424	1	486	8.1	19.8
Q8WNV7	Q8WNV7	100.00	279	0	0	1	279	1	279	0	177.6
Q8WNV7	Q9BTZ2	82.37	278	49	1	1	279	1	278	0	151.8
Q8WNV7	Q9SIP1	19.92	246	197	50	1	279	1	263	0.57	20.3
Q8WNV7	Q08558	25.42	240	179	70	1	279	1	271	4.9	18.0
Q8WNV7	Q84WW2	22.99	261	201	82	1	279	1	325	5.5	18.1
Q8WNV7	Q4WF54	18.25	252	206	45	1	279	1	270	5.5	17.8
Q921H8	Q921H8	100.00	424	0	0	1	424	1	424	0	210.9
Q921H8	Q8VCH0	95.75	424	18	0	1	424	1	424	0	202.6
Q921H8	P07871	95.05	424	21	0	1	424	1	424	0	202.5
Q921H8	P21775	95.99	424	17	10	1	424	1	434	0	202.4
Q921H8	P09110	85.61	424	61	0	1	424	1	424	0	187.2
Q921H8	P27796	53.92	408	188	25	1	424	1	417	0	110.1
Q921H8	P08679	21.21	396	312	92	1	424	1	460	1.3	21.7
Q921H8	O14832	25.80	314	233	134	1	424	1	338	3.5	20.3
Q921H8	Q9DCN1	21.34	403	317	80	1	424	1	462	4	20.6
Q921H8	Q9FWA3	21.62	407	319	96	1	424	1	486	5	20.4
Q921H8	Q9UHK6	22.65	362	280	82	1	424	1	382	5	20.0
Q921H8	P32020	29.92	371	260	229	1	424	1	547	5.3	20.5
Q921H8	O09174	21.64	365	286	75	1	424	1	381	6.3	19.8
Q921H8	Q8GW43	24.62	394	297	112	1	424	1	476	9.6	19.5
Q921H8	Q9BQG2	20.44	406	323	74	1	424	1	462	9.6	19.4
Q9BQG2	Q9BQG2	100.00	462	0	0	1	462	1	462	0	282.7
Q9BQG2	Q9DCN1	87.88	462	56	0	1	462	1	462	0	258.7
Q9BQG2	P53164	34.65	355	232	136	1	462	1	384	1.9e-78	53.2
Q9BQG2	P08679	24.58	415	313	92	1	462	1	460	0.046	24.0
Q9BQG2	P09110	22.50	400	310	86	1	462	1	424	0.57	22.3
Q9BQG2	Q8VCH0	21.48	405	318	76	1	462	1	424	0.86	22.0
Q9BQG2	Q4WF55	26.52	396	291	132	1	462	1	462	2.4	21.2
Q9BQG2	P27796	24.67	381	287	117	1	462	1	417	2.8	20.9
Q9BQG2	P32020	25.81	430	319	149	1	462	1	547	3	21.2
Q9BQG2	P38137	20.67	450	357	105	1	462	1	543	3	21.2
Q9BQG2	P07871	20.99	405	320	76	1	462	1	424	5	20.3
Q9BQG2	Q8LF36	21.23	424	334	106	1	462	1	492	5.3	20.4
Q9BQG2	Q921H8	20.44	406	323	74	1	462	1	424	6	20.0
Q9BQG2	P21775	21.32	408	321	80	1	462	1	434	6	20.0
Q9BQG2	P00432	21.95	442	345	105	1	462	1	527	6.8	20.2
Q9BQG2	P39994	21.44	443	348	136	1	462	1	560	8.1	20.0
Q9BQG2	O09174	22.43	370	287	103	1	462	1	381	8.5	19.4
Q9BQG2	P38998	23.60	356	272	123	1	462	1	373	9	19.3
Q9BQG2	O97492	23.23	439	337	111	1	462	1	527	9	19.8
Q9BTZ2	Q9BTZ2	100.00	278	0	0	1	278	1	278	0	176.7
Q9BTZ2	Q8WNV7	82.37	278	49	1	1	278	1	279	0	151.4
Q9BTZ2	Q9SIP1	23.77	244	186	53	1	278	1	263	0.23	21.0
Q9BTZ2	Q08558	23.11	251	193	47	1	278	1	271	3.9	18.3
Q9BTZ2	P30044	28.17	213	153	66	1	278	1	214	7.1	16.9
Q9BTZ2	O70579	24.52	261	197	63	1	278	1	307	7.7	17.3
Q9BTZ2	Q4WF54	20.33	246	196	56	1	278	1	270	9.5	16.6
Q9DBN5	Q9DBN5	100.00	852	0	0	1	852	1	852	0	321.1
Q9DBN5	Q3MIB4	98.24	852	15	0	1	852	1	852	0	316.3
Q9DBN5	Q86WA8	95.54	852	38	0	1	852	1	852	0	309.4
Q9DBN5	F7VNF8	43.07	801	456	159	1	852	1	909	0	122.0
Q9DBN5	P39518	21.48	717	563	162	1	852	1	744	0.0095	25.9
Q9DBN5	Q8LPS1	21.49	684	537	185	1	852	1	701	4.1	20.8
Q9DBN5	Q9EPL9	22.47	672	521	208	1	852	1	700	4.8	20.5
Q9DBN5	Q63448	24.55	664	501	224	1	852	1	700	5.1	20.3
Q9DBN5	O64894	22.80	658	508	226	1	852	1	690	5.5	20.2
Q9DBN5	O15254	25.34	663	495	226	1	852	1	700	6.1	20.0
Q9DBN5	P38225	23.96	651	495	219	1	852	1	669	6.9	19.6
Q9DBN5	P97275	24.19	649	492	212	1	852	1	658	7.9	19.2
Q9DCN1	Q9DCN1	100.00	462	0	0	1	462	1	462	0	231.0
Q9DCN1	Q9BQG2	87.88	462	56	0	1	462	1	462	0	210.8
Q9DCN1	P53164	34.37	355	233	136	1	462	1	384	1e-44	44.6
Q9DCN1	P09110	22.69	401	310	84	1	462	1	424	0.3	22.7
Q9DCN1	Q4WF55	25.06	415	311	94	1	462	1	462	0.4	22.7
Q9DCN1	Q8VCH0	22.58	403	312	80	1	462	1	424	0.67	22.2
Q9DCN1	P08679	23.02	417	321	88	1	462	1	460	0.79	22.1
Q9DCN1	P07871	23.00	400	308	86	1	462	1	424	2.2	21.1
Q9DCN1	Q921H8	21.39	402	316	82	1	462	1	424	3.7	20.6
Q9DCN1	P21775	22.72	405	313	86	1	462	1	434	4.4	20.4
Q9DCN1	P32020	24.19	434	329	141	1	462	1	547	5.5	20.5
Q9DCN1	Q9FWA3	19.91	442	354	64	1	462	1	486	8	19.8
Q9DCN1	P04762	24.36	431	326	127	1	462	1	527	8	19.9
Q9DCN1	P24270	24.94	433	325	123	1	462	1	527	8	19.9
Q9DCN1	P27796	22.34	385	299	109	1	462	1	417	8	19.6
Q9DCN1	P39994	23.17	436	335	150	1	462	1	560	8	20.0
Q9DCN1	P04040	25.35	430	321	129	1	462	1	527	9.1	19.7
Q9DCN1	P38137	21.85	444	347	117	1	462	1	543	9.1	19.8
Q9DCN1	O97492	23.30	442	339	105	1	462	1	527	9.1	19.7
Q9DCN1	O62839	24.60	439	331	111	1	462	1	527	9.9	19.6
Q9QXE0	Q9QXE0	100.00	581	0	0	1	581	1	581	0	293.7
Q9QXE0	Q8CHM7	91.57	581	49	0	1	581	1	581	0	273.0
Q9QXE0	Q9UJ83	87.89	578	70	3	1	581	1	578	0	264.2
Q9QXE0	P39994	41.73	544	317	53	1	581	1	560	0	113.0
Q9QXE0	P24270	23.74	497	379	114	1	581	1	527	0.0057	25.6
Q9QXE0	P32020	25.42	480	358	168	1	581	1	547	0.0097	25.4
Q9QXE0	P38137	22.57	505	391	114	1	581	1	543	0.019	25.1
Q9QXE0	P04040	22.47	494	383	120	1	581	1	527	0.03	24.7
Q9QXE0	P04762	23.46	486	372	136	1	581	1	527	0.034	24.7
Q9QXE0	O62839	22.78	496	383	116	1	581	1	527	0.039	24.6
Q9QXE0	O97492	23.48	494	378	120	1	581	1	527	0.049	24.5
Q9QXE0	P00432	23.39	496	380	116	1	581	1	527	0.069	24.3
Q9QXE0	P97275	20.65	557	442	125	1	581	1	658	0.18	24.0
Q9QXE0	Q9FWA3	22.81	469	362	129	1	581	1	486	0.24	23.4
Q9QXE0	P21826	22.96	514	396	107	1	581	1	554	0.24	23.6
Q9QXE0	P30952	22.86	503	388	129	1	581	1	554	0.62	22.9
Q9QXE0	P08679	23.45	452	346	137	1	581	1	460	0.67	22.5
Q9QXE0	Q8GW43	22.06	467	364	123	1	581	1	476	1.4	22.0
Q9QXE0	Q9BQG2	25.53	423	315	197	1	581	1	462	2.4	21.4
Q9QXE0	Q9DCN1	22.92	445	343	153	1	581	1	462	7.8	20.0
Q9QXE0	O64894	21.10	564	445	143	1	581	1	690	8.1	20.5
Q9QXE0	Q4WF55	22.90	441	340	161	1	581	1	462	10	19.6
Q9R063	Q9R063	100.00	213	0	0	1	213	1	213	0	154.1
Q9R063	P99029	90.95	210	19	3	1	213	1	210	0	138.5
Q9R063	P30044	78.40	213	46	1	1	213	1	214	0	123.5
Q9R063	P53633	27.44	164	119	61	1	213	1	176	0.27	19.5
Q9R063	Q4WF54	24.64	207	156	69	1	213	1	270	0.62	19.4
Q9R063	Q9BTZ2	27.14	210	153	71	1	213	1	278	1.4	18.5
Q9R063	Q08558	23.41	205	157	74	1	213	1	271	1.9	18.1
Q9R063	Q8WNV7	28.00	200	144	92	1	213	1	279	2.3	17.9
Q9R063	Q9SIP1	24.02	204	155	68	1	213	1	263	2.9	17.4
Q9UHK6	Q9UHK6	100.00	382	0	0	1	382	1	382	0	192.8
Q9UHK6	O09174	77.43	381	86	1	1	382	1	381	0	158.8
Q9UHK6	P38998	21.78	349	273	57	1	382	1	373	0.00024	25.9
Q9UHK6	Q9FWA3	25.20	369	276	130	1	382	1	486	0.00028	26.2
Q9UHK6	P07871	24.37	357	270	92	1	382	1	424	0.19	22.6
Q9UHK6	Q921H8	23.61	360	275	86	1	382	1	424	0.25	22.4
Q9UHK6	P21775	24.51	359	271	98	1	382	1	434	0.33	22.3
Q9UHK6	Q84WW2	22.26	301	234	105	1	382	1	325	0.36	21.8
Q9UHK6	Q8VCH0	24.09	357	271	92	1	382	1	424	0.39	22.1
Q9UHK6	O35386	22.53	324	251	72	1	382	1	338	0.7	21.3
Q9UHK6	P09110	22.56	359	278	88	1	382	1	424	0.82	21.5
Q9UHK6	P27796	24.86	346	260	107	1	382	1	417	1.7	20.8
Q9UHK6	O70579	23.15	298	229	93	1	382	1	307	1.8	20.3
Q9UHK6	O14832	21.98	323	252	74	1	382	1	338	1.9	20.4
Q9UHK6	Q8GW43	23.14	363	279	132	1	382	1	476	3.1	20.4
Q9UHK6	P08679	22.31	372	289	98	1	382	1	460	3.3	20.3
Q9UHK6	O43808	23.47	294	225	101	1	382	1	307	3.3	19.7
Q9UHK6	Q9BQG2	21.75	377	295	90	1	382	1	462	4.1	20.0
Q9UHK6	Q12524	23.91	297	226	128	1	382	1	340	4.3	19.5
Q9UHK6	Q9DCN1	21.90	379	296	86	1	382	1	462	4.5	19.9
Q9UHK6	P57093	20.58	311	247	98	1	382	1	338	6.3	19.0
Q9UHK6	P53164	21.58	329	258	108	1	382	1	384	7.7	18.9
Q9UHK6	Q4WF55	21.25	367	289	110	1	382	1	462	8	19.1
Q9UJ83	Q9UJ83	100.00	578	0	0	1	578	1	578	0	288.7
Q9UJ83	Q9QXE0	87.89	578	70	3	1	578	1	581	0	262.4
Q9UJ83	Q8CHM7	85.99	578	81	3	1	578	1	581	0	257.6
Q9UJ83	P39994	42.10	544	315	50	1	578	1	560	0	114.9
Q9UJ83	P38137	23.89	494	376	133	1	578	1	543	0.00023	27.1
Q9UJ83	P24270	23.19	496	381	113	1	578	1	527	0.0026	26.0
Q9UJ83	P32020	23.76	484	369	157	1	578	1	547	0.0053	25.7
Q9UJ83	O62839	23.58	492	376	121	1	578	1	527	0.013	25.2
Q9UJ83	P30952	23.31	502	385	128	1	578	1	554	0.025	24.9
Q9UJ83	P04040	22.38	496	385	113	1	578	1	527	0.028	24.8
Q9UJ83	O97492	22.92	493	380	119	1	578	1	527	0.051	24.5
Q9UJ83	P04762	23.92	485	369	135	1	578	1	527	0.09	24.1
Q9UJ83	P00432	22.98	496	382	113	1	578	1	527	0.14	23.9
Q9UJ83	P21826	23.63	512	391	108	1	578	1	554	0.14	23.9
Q9UJ83	Q9FWA3	23.52	472	361	120	1	578	1	486	0.15	23.7
Q9UJ83	P97275	22.04	549	428	138	1	578	1	658	0.58	23.2
Q9UJ83	P08679	23.50	451	345	136	1	578	1	460	1	22.2
Q9UJ83	Q8LF36	21.34	464	365	142	1	578	1	492	1.4	22.0
Q9UJ83	Q8GW43	22.46	463	359	128	1	578	1	476	1.8	21.8
Q9UJ83	Q9BQG2	23.58	424	324	192	1	578	1	462	4.3	20.8
Q9UJ83	O64894	22.57	545	422	178	1	578	1	690	4.6	21.3
O62839	O62839	100.00	527	0	0	1	527	1	527	0	273.0
O62839	P00432	92.41	527	40	0	1	527	1	527	0	258.2
O62839	O97492	92.22	527	41	0	1	527	1	527	0	257.6
O62839	P04040	89.94	527	53	0	1	527	1	527	0	254.8
O62839	P04762	90.13	527	52	0	1	527	1	527	0	254.4
O62839	P24270	90.51	527	50	0	1	527	1	527	0	254.4
O62839	P38137	20.16	491	392	88	1	527	1	543	1.6e-06	28.8
O62839	Q4WF55	21.04	442	349	105	1	527	1	462	0.00013	27.0
O62839	P32020	23.58	475	363	124	1	527	1	547	0.00013	27.3
O62839	P30952	21.97	478	373	125	1	527	1	554	0.00024	27.0
O62839	P39994	21.58	482	378	123	1	527	1	560	0.00033	26.9
O62839	Q8CHM7	22.69	498	385	112	1	527	1	581	0.00039	26.9
O62839	Q9UJ83	23.98	492	374	121	1	527	1	578	0.00039	26.9
O62839	Q9DCN1	25.06	439	329	111	1	527	1	462	0.00073	26.3
O62839	Q9QXE0	22.78	496	383	116	1	527	1	581	0.0015	26.3
O62839	P08679	21.51	437	343	113	1	527	1	460	0.0055	25.4
O62839	P21826	20.37	481	383	119	1	527	1	554	0.0055	25.6
O62839	Q9BQG2	21.18	439	346	111	1	527	1	462	0.012	25.0
O62839	Q8LF36	20.43	465	370	89	1	527	1	492	0.033	24.5
O62839	Q9FWA3	20.94	449	355	115	1	527	1	486	0.06	24.2
O62839	P27796	23.30	412	316	120	1	527	1	417	0.55	22.5
O62839	Q8GW43	18.57	447	364	109	1	527	1	476	1.1	22.2
O62839	P97275	25.40	496	370	193	1	527	1	658	1.5	22.4
O62839	Q63448	25.54	513	382	201	1	527	1	700	3.6	21.6
O62839	P21775	24.82	411	309	139	1	527	1	434	5.6	20.4
O62839	Q9EPL9	27.20	500	364	227	1	527	1	700	5.6	21.1
Q9EPL9	Q9EPL9	100.00	700	0	0	1	700	1	700	0	292.5
Q9EPL9	Q63448	88.43	700	81	0	1	700	1	700	0	263.6
Q9EPL9	O15254	73.43	700	186	0	1	700	1	700	0	225.2
Q9EPL9	O64894	34.51	652	427	86	1	700	1	690	2.2e-258	83.4
Q9EPL9	Q8LPS1	19.94	647	518	107	1	700	1	701	3.4	21.8
Q9EPL9	P38225	22.35	622	483	125	1	700	1	669	4.6	21.4
P08679	P08679	100.00	460	0	0	1	460	1	460	0	228.0
P08679	Q9FWA3	22.33	430	334	86	1	460	1	486	1.2	21.9
P08679	Q9BQG2	24.94	413	310	96	1	460	1	462	1.3	21.7
P08679	Q8LF36	21.40	430	338	92	1	460	1	492	2.3	21.3
P08679	Q9DCN1	23.02	417	321	88	1	460	1	462	2.5	21.1
P08679	Q921H8	21.21	396	312	92	1	460	1	424	3.7	20.6
P08679	Q4WF55	21.48	419	329	84	1	460	1	462	4.9	20.4
P08679	Q8VCH0	24.21	380	288	124	1	460	1	424	5.8	20.1
P08679	P07871	23.32	386	296	112	1	460	1	424	7.4	19.7
P08679	P38998	24.04	366	278	101	1	460	1	373	9.6	19.1
P21826	P21826	100.00	554	0	0	1	554	1	554	0	278.4
P21826	P30952	81.05	554	105	0	1	554	1	554	0	240.1
P21826	P38137	17.99	517	424	63	1	554	1	543	1.1e-06	29.0
P21826	P39994	21.98	505	394	104	1	554	1	560	0.0063	25.7
P21826	Q8CHM7	20.61	524	416	87	1	554	1	581	0.012	25.4
P21826	P32020	21.74	506	396	89	1	554	1	547	0.043	24.6
P21826	O97492	22.57	474	367	133	1	554	1	527	0.055	24.4
P21826	O62839	20.33	482	384	117	1	554	1	527	0.069	24.3
P21826	Q9UJ83	23.24	512	393	108	1	554	1	578	0.086	24.3
P21826	P08679	23.41	440	337	134	1	554	1	460	0.096	23.9
P21826	P24270	23.67	469	358	143	1	554	1	527	0.12	24.0
P21826	P00432	23.99	471	358	139	1	554	1	527	0.15	23.8
P21826	Q9QXE0	22.87	516	398	103	1	554	1	581	0.16	23.9
P21826	Q8LF36	20.38	471	375	104	1	554	1	492	0.27	23.3
P21826	P04762	21.92	479	374	123	1	554	1	527	0.27	23.4
P21826	Q4WF55	26.35	425	313	166	1	554	1	462	0.37	23.1
P21826	P04040	19.46	483	389	115	1	554	1	527	0.4	23.2
P21826	Q8GW43	20.13	467	373	96	1	554	1	476	0.82	22.5
P21826	Q9FWA3	21.33	450	354	140	1	554	1	486	1.6	22.0
P21826	P97275	21.21	528	416	156	1	554	1	658	2.4	22.0
P21826	Q9BQG2	22.60	438	339	140	1	554	1	462	3.4	21.2
P21826	P38225	23.80	521	397	181	1	554	1	669	3.8	21.6
P21826	Q9DCN1	21.80	445	348	126	1	554	1	462	4.6	20.8
P27796	P27796	100.00	417	0	0	1	417	1	417	0	228.5
P27796	P07871	55.77	407	180	27	1	417	1	424	0	122.5
P27796	P21775	55.39	408	182	35	1	417	1	434	0	121.5
P27796	Q8VCH0	54.30	407	186	27	1	417	1	424	0	121.3
P27796	Q921H8	53.81	407	188	27	1	417	1	424	0	119.8
P27796	P09110	53.81	407	188	27	1	417	1	424	0	118.3
P27796	Q8GW43	23.48	396	303	101	1	417	1	476	1.1	21.8
P27796	Q9BQG2	24.67	381	287	117	1	417	1	462	5.5	20.1
P27796	P08679	19.55	399	321	79	1	417	1	460	7.3	19.8
P27796	P53164	25.21	353	264	95	1	417	1	384	7.7	19.4
P27796	Q9FWA3	22.58	403	312	97	1	417	1	486	7.7	19.8
P27796	O09174	21.08	370	292	58	1	417	1	381	8.1	19.3
P27796	Q9DCN1	22.16	388	302	103	1	417	1	462	9	19.5
P30952	P30952	100.00	554	0	0	1	554	1	554	0	272.2
P30952	P21826	81.05	554	105	0	1	554	1	554	0	234.3
P30952	P38137	20.70	512	406	73	1	554	1	543	2.9e-09	30.8
P30952	P39994	19.61	515	414	84	1	554	1	560	0.00043	26.9
P30952	P32020	20.59	505	401	91	1	554	1	547	0.0014	26.3
P30952	P04040	21.50	493	387	95	1	554	1	527	0.0034	25.9
P30952	P24270	23.22	478	367	125	1	554	1	527	0.0039	25.8
P30952	O97492	23.68	473	361	135	1	554	1	527	0.0059	25.6
P30952	O62839	21.76	478	374	125	1	554	1	527	0.0059	25.6
P30952	Q9UJ83	24.05	499	379	134	1	554	1	578	0.017	25.2
P30952	P00432	21.01	495	391	91	1	554	1	527	0.061	24.4
P30952	P04762	21.22	476	375	129	1	554	1	527	0.2	23.7
P30952	P08679	22.76	435	336	144	1	554	1	460	0.38	23.0
P30952	Q8CHM7	19.85	519	416	97	1	554	1	581	0.38	23.3
P30952	Q8LF36	21.60	463	363	120	1	554	1	492	0.42	23.0
P30952	Q9QXE0	23.26	503	386	129	1	554	1	581	0.46	23.2
P30952	Q4WF55	24.47	425	321	166	1	554	1	462	0.77	22.5
P30952	Q9BQG2	22.47	454	352	108	1	554	1	462	0.77	22.5
P30952	Q8GW43	18.88	466	378	98	1	554	1	476	0.91	22.4
P30952	P38225	20.74	540	428	143	1	554	1	669	1.5	22.5
P30952	Q9DCN1	22.35	452	351	112	1	554	1	462	1.6	21.9
P30952	Q9FWA3	19.36	470	379	100	1	554	1	486	1.8	21.9
P30952	P97275	19.55	537	432	138	1	554	1	658	3.3	21.7
P30952	Q8LPS1	23.81	525	400	205	1	554	1	701	5	21.3
P30952	Q8VCH0	21.24	419	330	140	1	554	1	424	6.1	20.4
P30952	P27796	24.63	402	303	167	1	554	1	417	7.1	20.1
P30952	P21775	23.76	425	324	138	1	554	1	434	7.8	20.1
P30952	Q9EPL9	22.08	539	420	176	1	554	1	700	8.2	20.7
P38137	P38137	100.00	543	0	0	1	543	1	543	0	250.5
P38137	P38225	25.88	537	398	138	1	543	1	669	6.4e-27	39.7
P38137	Q8LPS1	30.53	524	364	196	1	543	1	701	5.6e-24	38.6
P38137	P30952	21.33	511	402	75	1	543	1	554	1.3e-09	31.1
P38137	P32020	24.54	489	369	112	1	543	1	547	5.9e-08	29.9
P38137	P04040	21.30	493	388	84	1	543	1	527	1.3e-07	29.6
P38137	P21826	17.18	518	429	61	1	543	1	554	7.3e-07	29.2
P38137	P00432	19.84	494	396	82	1	543	1	527	7.6e-06	28.3
P38137	P24270	20.40	495	394	80	1	543	1	527	9e-06	28.2
P38137	O62839	20.33	492	392	86	1	543	1	527	2.9e-05	27.8
P38137	P04762	22.92	480	370	110	1	543	1	527	4.1e-05	27.7
P38137	Q9UJ83	23.68	494	377	133	1	543	1	578	4.8e-05	27.8
P38137	Q8CHM7	23.76	505	385	114	1	543	1	581	4.8e-05	27.8
P38137	O97492	25.16	477	357	116	1	543	1	527	9.1e-05	27.4
P38137	Q8LF36	18.80	484	393	67	1	543	1	492	0.00012	27.2
P38137	Q9BQG2	21.38	449	353	107	1	543	1	462	0.00085	26.3
P38137	Q9DCN1	22.55	439	340	127	1	543	1	462	0.0038	25.6
P38137	Q9QXE0	22.77	505	390	114	1	543	1	581	0.0043	25.9
P38137	Q9FWA3	20.69	464	368	101	1	543	1	486	0.0056	25.5
P38137	P39994	20.04	509	407	85	1	543	1	560	0.0092	25.4
P38137	P97275	23.50	532	407	137	1	543	1	658	0.087	24.5
P38137	Q4WF55	21.43	448	352	109	1	543	1	462	0.3	23.2
P38137	Q63448	23.65	537	410	169	1	543	1	700	0.51	23.4
P38137	P08679	18.82	457	371	89	1	543	1	460	0.77	22.5
P38137	Q9EPL9	22.12	538	419	167	1	543	1	700	1.1	22.8
P38137	P21775	21.13	426	336	125	1	543	1	434	2.1	21.5
P38137	Q8GW43	21.21	448	353	123	1	543	1	476	3	21.3
P38137	O15254	24.29	527	399	189	1	543	1	700	5	21.3
P38137	P27796	23.51	404	309	152	1	543	1	417	6.1	20.3
P38137	Q8VCH0	22.52	404	313	159	1	543	1	424	6.1	20.3
P38137	P07871	24.21	409	310	149	1	543	1	424	7.4	20.1
P38225	P38225	100.00	669	0	0	1	669	1	669	0	296.3
P38225	P38137	25.88	537	398	138	1	669	1	543	1.2e-17	35.7
P38225	P39518	25.16	640	479	133	1	669	1	744	1.3e-07	30.3
P38225	Q8LPS1	24.88	619	465	132	1	669	1	701	6.7e-06	28.9
P38225	O15254	21.35	623	490	123	1	669	1	700	0.98	22.9
P38225	O64894	19.21	635	513	89	1	669	1	690	0.98	22.9
P38225	Q63448	22.56	634	491	101	1	669	1	700	1.5	22.6
P38225	Q9EPL9	22.19	622	484	125	1	669	1	700	3.1	21.8
P38998	P38998	100.00	373	0	0	1	373	1	373	0	202.1
P38998	Q9UHK6	21.78	349	273	57	1	373	1	382	9.6e-07	27.9
P38998	P53164	23.03	343	264	71	1	373	1	384	4.8e-06	27.4
P38998	Q84WW2	23.96	313	238	72	1	373	1	325	5.5e-05	26.2
P38998	O70579	21.74	299	234	82	1	373	1	307	0.0013	24.8
P38998	O09174	21.64	342	268	70	1	373	1	381	0.0015	25.1
P38998	O43808	25.86	290	215	100	1	373	1	307	0.0024	24.5
P38998	P08679	22.89	367	283	99	1	373	1	460	0.011	24.4
P38998	Q9FWA3	25.21	365	273	129	1	373	1	486	0.028	24.0
P38998	P57093	18.46	325	265	61	1	373	1	338	0.08	22.8
P38998	Q9BQG2	23.60	356	272	123	1	373	1	462	0.14	22.9
P38998	Q12524	21.59	315	247	83	1	373	1	340	0.21	22.2
P38998	P27796	23.84	344	262	102	1	373	1	417	0.21	22.5
P38998	P47148	24.26	272	206	112	1	373	1	283	0.23	21.9
P38998	O14832	19.44	319	257	73	1	373	1	338	0.31	21.9
P38998	Q9DCN1	23.33	360	276	115	1	373	1	462	0.65	21.8
P38998	Q4WF55	20.11	363	290	109	1	373	1	462	1.1	21.4
P38998	O35386	19.21	328	265	55	1	373	1	338	1.2	20.9
P38998	Q8VCH0	23.26	344	264	109	1	373	1	424	1.6	20.9
P38998	Q921H8	23.36	351	269	95	1	373	1	424	2.1	20.7
P38998	P09110	19.55	353	284	91	1	373	1	424	2.6	20.5
P38998	P21775	20.11	358	286	91	1	373	1	434	2.6	20.5
P38998	P07871	20.86	350	277	97	1	373	1	424	3.1	20.2
P38998	Q8LF36	23.50	366	280	133	1	373	1	492	9.2	18.9
P39518	P39518	100.00	744	0	0	1	744	1	744	0	368.7
P39518	Q8LPS1	32.85	688	462	69	1	744	1	701	0	101.9
P39518	P38225	25.43	637	475	139	1	744	1	669	8.3e-11	32.3
P39518	O15254	23.73	649	495	146	1	744	1	700	0.68	23.0
P39518	Q3MIB4	21.76	717	561	162	1	744	1	852	1.2	22.8
P39518	P97275	26.24	606	447	190	1	744	1	658	1.3	22.3
P39518	Q9DBN5	21.48	717	563	162	1	744	1	852	2.2	22.1
P39518	O64894	21.24	645	508	144	1	744	1	690	3.8	21.1
P39518	Q9EPL9	21.52	646	507	152	1	744	1	700	4.2	21.0
P39518	Q86WA8	22.71	709	548	178	1	744	1	852	5	21.0
P39518	Q63448	22.69	648	501	148	1	744	1	700	8.4	19.7
P53164	P53164	100.00	384	0	0	1	384	1	384	0	223.6
P53164	Q9BQG2	34.08	355	234	136	1	384	1	462	9.3e-82	53.9
P53164	Q9DCN1	34.37	355	233	136	1	384	1	462	3.8e-74	52.2
P53164	P38998	23.03	343	264	71	1	384	1	373	3.1e-06	27.5
P53164	Q12524	21.56	320	251	84	1	384	1	340	0.00024	25.7
P53164	Q84WW2	22.68	313	242	83	1	384	1	325	0.0019	24.8
P53164	O14832	22.22	324	252	74	1	384	1	338	0.003	24.6
P53164	P57093	22.91	323	249	76	1	384	1	338	0.04	23.2
P53164	P27796	25.21	353	264	95	1	384	1	417	0.046	23.5
P53164	O35386	19.76	329	264	64	1	384	1	338	0.085	22.8
P53164	Q921H8	24.29	354	268	100	1	384	1	424	0.72	21.6
P53164	Q8VCH0	23.38	355	272	98	1	384	1	424	1.5	21.0
P53164	P07871	25.65	347	258	114	1	384	1	424	1.9	20.7
P53164	P08679	22.37	371	288	102	1	384	1	460	3	20.4
P53164	Q8GW43	21.33	375	295	110	1	384	1	476	3.2	20.4
P53164	P21775	25.43	350	261	118	1	384	1	434	3.4	20.2
P53164	Q9UHK6	21.28	329	259	108	1	384	1	382	3.4	20.0
P53164	O09174	17.32	358	296	49	1	384	1	381	3.6	19.9
P53164	O70579	22.07	290	226	111	1	384	1	307	5.7	19.0
P53164	Q9FWA3	24.17	360	273	150	1	384	1	486	7	19.4
P53164	Q8LF36	21.66	374	293	128	1	384	1	492	7	19.4
P53633	P53633	100.00	176	0	0	1	176	1	176	0	117.7
P53633	P99029	25.90	166	123	54	1	176	1	210	3.5	14.0
P53633	Q9R063	26.83	164	120	61	1	176	1	213	3.7	13.4
P53633	P30044	26.54	162	119	66	1	176	1	214	3.9	12.7
Q08558	Q08558	100.00	271	0	0	1	271	1	271	0	151.7
Q08558	Q4WF54	23.41	252	193	37	1	271	1	270	3e-10	29.2
Q08558	Q9SIP1	24.10	249	189	36	1	271	1	263	1	19.8
Q08558	O43808	19.17	266	215	46	1	271	1	307	5.2	18.0
Q08558	Q9BTZ2	22.62	252	195	45	1	271	1	278	5.2	17.9
Q08558	O70579	20.45	264	210	50	1	271	1	307	5.9	17.8
Q08558	Q8WNV7	20.16	253	202	44	1	271	1	279	8.1	17.0
Q08558	Q84WW2	20.30	266	212	64	1	271	1	325	9.4	16.8
Q12524	Q12524	100.00	340	0	0	1	340	1	340	0	256.3
Q12524	P53164	22.08	317	247	90	1	340	1	384	0.002	24.8
Q12524	O14832	20.40	299	238	80	1	340	1	338	0.0025	24.5
Q12524	P47148	20.30	271	216	81	1	340	1	283	0.2	21.8
Q12524	O35386	19.62	316	254	46	1	340	1	338	0.34	21.7
Q12524	Q08558	25.66	265	197	81	1	340	1	271	0.72	20.8
Q12524	O43808	19.33	300	242	47	1	340	1	307	1.6	20.3
Q12524	Q84WW2	24.74	287	216	91	1	340	1	325	2.3	20.0
Q12524	Q9SIP1	21.71	258	202	87	1	340	1	263	2.5	19.6
Q12524	O09174	20.25	316	252	89	1	340	1	381	2.7	20.0
Q12524	P38998	21.59	315	247	83	1	340	1	373	3	19.9
Q12524	O70579	18.67	300	244	47	1	340	1	307	3.2	19.5
Q12524	P57093	20.07	299	239	80	1	340	1	338	5.1	19.0
Q12524	P27796	24.46	323	244	111	1	340	1	417	8.4	18.6
Q12524	Q8WNV7	19.00	279	226	61	1	340	1	279	8.4	18.0
Q12524	Q9UHK6	23.57	297	227	128	1	340	1	382	8.9	18.4
Q12524	Q4WF54	22.52	262	203	86	1	340	1	270	8.9	17.9
F7VNF8	F7VNF8	100.00	909	0	0	1	909	1	909	0	395.2
F7VNF8	Q9DBN5	42.84	803	459	155	1	909	1	852	0	142.4
F7VNF8	Q3MIB4	42.71	803	460	155	1	909	1	852	0	141.1
F7VNF8	Q86WA8	42.89	802	458	157	1	909	1	852	0	141.1
F7VNF8	P39518	23.47	720	551	213	1	909	1	744	0.045	25.0
F7VNF8	O15254	26.55	678	498	253	1	909	1	700	0.21	23.9
F7VNF8	Q9EPL9	26.49	672	494	265	1	909	1	700	0.85	22.6
F7VNF8	Q63448	25.04	671	503	267	1	909	1	700	1	22.5
F7VNF8	Q8LPS1	22.91	681	525	248	1	909	1	701	1.6	22.0
F7VNF8	O64894	23.49	677	518	245	1	909	1	690	5.4	19.9
P39994	P39994	100.00	560	0	0	1	560	1	560	0	263.2
P39994	Q9UJ83	42.10	544	315	50	1	560	1	578	0	110.4
P39994	Q8CHM7	40.73	545	323	51	1	560	1	581	0	108.7
P39994	Q9QXE0	41.73	544	317	53	1	560	1	581	0	108.0
P39994	P32020	23.22	491	377	125	1	560	1	547	7.2e-05	27.6
P39994	P30952	21.06	508	401	98	1	560	1	554	0.0013	26.4
P39994	P04040	21.53	483	379	121	1	560	1	527	0.0045	25.7
P39994	P00432	24.79	476	358	135	1	560	1	527	0.0099	25.4
P39994	Q9DCN1	23.22	435	334	152	1	560	1	462	0.018	24.9
P39994	O62839	21.78	482	377	123	1	560	1	527	0.018	25.1
P39994	P21826	21.70	507	397	100	1	560	1	554	0.018	25.1
P39994	O97492	23.90	477	363	133	1	560	1	527	0.026	24.9
P39994	P09110	24.04	416	316	152	1	560	1	424	0.026	24.6
P39994	P21775	26.35	425	313	144	1	560	1	434	0.029	24.5
P39994	P04762	25.91	467	346	153	1	560	1	527	0.041	24.6
P39994	Q9BQG2	21.44	443	348	136	1	560	1	462	0.041	24.4
P39994	P38137	20.04	509	407	85	1	560	1	543	0.058	24.5
P39994	P24270	23.21	474	364	139	1	560	1	527	0.08	24.2
P39994	Q921H8	27.01	411	300	162	1	560	1	424	0.12	23.7
P39994	Q9FWA3	23.70	460	351	126	1	560	1	486	0.13	23.8
P39994	P07871	28.02	414	298	156	1	560	1	424	0.18	23.4
P39994	Q8VCH0	27.49	411	298	162	1	560	1	424	0.29	23.1
P39994	Q4WF55	23.56	433	331	156	1	560	1	462	1	22.3
P39994	Q8LF36	22.86	455	351	142	1	560	1	492	1.5	22.1
P39994	Q8GW43	22.20	455	354	126	1	560	1	476	1.6	21.9
P39994	P38225	24.29	527	399	175	1	560	1	669	2.9	21.9
P39994	P08679	19.87	448	359	124	1	560	1	460	7.1	20.3
P39994	O15254	25.85	530	393	200	1	560	1	700	7.7	20.8
P39994	P97275	21.75	538	421	142	1	560	1	658	8.1	20.6
Q4WF54	Q4WF54	100.00	270	0	0	1	270	1	270	0	188.6
Q4WF54	Q08558	23.41	252	193	37	1	270	1	271	2.7e-18	33.6
Q4WF54	Q9SIP1	21.54	246	193	41	1	270	1	263	0.056	21.9
Q4WF54	P47148	22.45	245	190	63	1	270	1	283	2	19.2
Q4WF54	O70579	23.14	255	196	67	1	270	1	307	3.1	18.8
Q4WF54	Q8WNV7	18.25	252	206	45	1	270	1	279	3.8	18.3
Q4WF54	Q9BTZ2	19.43	247	199	54	1	270	1	278	5.5	17.8
Q4WF54	O43808	21.88	256	200	65	1	270	1	307	6	17.7
Q4WF54	Q9R063	24.64	207	156	69	1	270	1	213	6	17.2
Q4WF54	P99029	25.85	205	152	70	1	270	1	210	7.3	16.8
Q4WF55	Q4WF55	100.00	462	0	0	1	462	1	462	0	267.3
Q4WF55	Q9DCN1	24.46	413	312	98	1	462	1	462	0.0043	25.3
Q4WF55	P08679	21.48	419	329	84	1	462	1	460	0.06	23.9
Q4WF55	P04762	20.45	445	354	99	1	462	1	527	0.14	23.6
Q4WF55	O97492	20.72	444	352	101	1	462	1	527	0.16	23.5
Q4WF55	Q9BQG2	26.14	394	291	136	1	462	1	462	0.34	22.8
Q4WF55	P24270	21.09	441	348	107	1	462	1	527	0.37	22.9
Q4WF55	P04040	19.24	447	361	95	1	462	1	527	0.45	22.8
Q4WF55	O62839	21.04	442	349	105	1	462	1	527	0.55	22.6
Q4WF55	Q8LF36	19.46	442	356	70	1	462	1	492	0.81	22.2
Q4WF55	P00432	22.33	430	334	129	1	462	1	527	1.5	21.8
Q4WF55	P38998	20.11	363	290	109	1	462	1	373	8.1	19.4
Q4WF55	P21826	26.59	425	312	166	1	462	1	554	9.7	19.7
P47148	P47148	100.00	283	0	0	1	283	1	283	0	197.9
P47148	Q9SIP1	19.05	252	204	42	1	283	1	263	1.9	19.2
P47148	Q4WF54	22.45	245	190	63	1	283	1	270	3.2	18.6
P47148	O14832	24.16	269	204	83	1	283	1	338	3.7	18.7
P47148	P57093	21.45	275	216	71	1	283	1	338	7.2	17.6
P47148	Q08558	21.46	247	194	60	1	283	1	271	7.5	17.2
P47148	Q84WW2	24.34	267	202	74	1	283	1	325	8.1	17.3
P47148	O35386	21.01	276	218	69	1	283	1	338	8.1	17.3
P47148	Q9BTZ2	25.94	239	177	83	1	283	1	278	9.7	16.6
Q84WW2	Q84WW2	100.00	325	0	0	1	325	1	325	0	204.6
Q84WW2	Q9SIP1	26.38	254	187	80	1	325	1	263	0.48	21.0
Q84WW2	P38998	24.52	314	237	70	1	325	1	373	0.8	21.0
Q84WW2	O35386	23.78	307	234	49	1	325	1	338	1.2	20.6
Q84WW2	Q8WNV7	23.08	260	200	84	1	325	1	279	2.1	19.7
Q84WW2	Q08558	21.21	264	208	68	1	325	1	271	2.7	19.4
Q84WW2	P57093	22.04	304	237	55	1	325	1	338	2.9	19.6
Q84WW2	P47148	23.97	267	203	74	1	325	1	283	3.9	19.0
Q84WW2	P53164	22.68	313	242	83	1	325	1	384	4.4	19.3
Q84WW2	O14832	21.84	293	229	77	1	325	1	338	5	19.0
Q84WW2	Q9BTZ2	21.51	265	208	73	1	325	1	278	5.3	18.6
Q84WW2	O70579	19.30	285	230	62	1	325	1	307	5.6	18.7
Q84WW2	O43808	21.71	281	220	70	1	325	1	307	6.6	18.4
Q8GW43	Q8GW43	100.00	476	0	0	1	476	1	476	0	236.7
Q8GW43	Q9FWA3	25.71	424	315	114	1	476	1	486	0.046	24.1
Q8GW43	P27796	23.54	395	302	103	1	476	1	417	0.91	21.9
Q8GW43	Q8VCH0	23.19	401	308	98	1	476	1	424	1.4	21.6
Q8GW43	P07871	25.00	388	291	124	1	476	1	424	5	20.3
Q8GW43	P09110	24.80	383	288	134	1	476	1	424	6.8	19.9
Q8GW43	P32020	25.96	443	328	137	1	476	1	547	7.2	20.2
Q8GW43	Q921H8	21.41	411	323	78	1	476	1	424	7.5	19.8
Q8GW43	P21775	24.62	390	294	130	1	476	1	434	8.2	19.7
Q8GW43	O09174	24.11	365	277	127	1	476	1	381	9.3	19.3
Q8LF36	Q8LF36	100.00	492	0	0	1	492	1	492	0	201.6
Q8LF36	P08679	21.86	430	336	92	1	492	1	460	0.43	22.7
Q8LF36	Q9FWA3	21.18	439	346	100	1	492	1	486	1.2	22.0
Q8LF36	P38137	18.60	484	394	67	1	492	1	543	1.4	22.0
Q8LF36	Q4WF55	19.46	442	356	70	1	492	1	462	3.9	20.8
Q8LF36	Q9BQG2	21.56	422	331	110	1	492	1	462	4.3	20.6
Q8LF36	O97492	21.91	461	360	97	1	492	1	527	4.7	20.7
Q8LF36	P00432	20.73	468	371	83	1	492	1	527	6.1	20.4
Q8LF36	P24270	19.87	468	375	83	1	492	1	527	6.9	20.2
Q8LF36	P04762	19.19	469	379	81	1	492	1	527	6.9	20.2
Q8LF36	Q9DCN1	24.30	428	324	98	1	492	1	462	8	19.8
Q8LPS1	Q8LPS1	100.00	701	0	0	1	701	1	701	0	333.9
Q8LPS1	P39518	32.99	688	461	69	1	701	1	744	0	97.0
Q8LPS1	P38137	30.53	524	364	196	1	701	1	543	3.5e-18	36.0
Q8LPS1	P38225	23.48	626	479	118	1	701	1	669	6.6e-07	29.8
Q8LPS1	Q63448	19.97	651	521	99	1	701	1	700	0.067	24.9
Q8LPS1	O64894	24.43	610	461	171	1	701	1	690	0.4	23.7
Q8LPS1	P97275	22.46	601	466	157	1	701	1	658	0.47	23.5
Q8LPS1	O15254	21.58	644	505	113	1	701	1	700	0.61	23.4
Q8LPS1	Q9EPL9	20.09	647	517	107	1	701	1	700	2	22.4
Q9FWA3	Q9FWA3	100.00	486	0	0	1	486	1	486	0	246.2
Q9FWA3	Q9UHK6	25.47	369	275	130	1	486	1	382	0.71	22.0
Q9FWA3	Q8GW43	25.88	425	315	112	1	486	1	476	1.1	22.0
Q9FWA3	O09174	24.59	370	279	127	1	486	1	381	2	21.1
Q9FWA3	P08679	20.87	436	345	74	1	486	1	460	3.1	21.0
Q9FWA3	P07871	21.81	408	319	94	1	486	1	424	9.6	19.4
O64894	O64894	100.00	690	0	0	1	690	1	690	0	309.7
O64894	O15254	36.48	647	411	96	1	690	1	700	0	91.1
O64894	Q63448	36.49	644	409	102	1	690	1	700	1.7e-304	88.9
O64894	Q9EPL9	34.51	652	427	86	1	690	1	700	2.4e-302	88.6
O64894	Q8LPS1	25.37	607	453	177	1	690	1	701	1.5	22.6
O64894	P38225	18.92	629	510	101	1	690	1	669	2.5	22.1
O64894	P97275	21.60	611	479	126	1	690	1	658	4.1	21.5
Q9SIP1	Q9SIP1	100.00	263	0	0	1	263	1	263	0	189.1
Q9SIP1	Q9BTZ2	22.86	245	189	51	1	263	1	278	2.8	18.7
Q9SIP1	Q08558	22.89	249	192	36	1	263	1	271	4.4	18.1
Q9SIP1	Q4WF54	21.54	246	193	41	1	263	1	270	4.4	18.1
Q9SIP1	Q8WNV7	19.92	246	197	50	1	263	1	279	7.7	17.1
